Timestamp,Room_ID,Temperature_C,MQ2_Gas,True_Label
2026-04-15 20:57:02.428599,101,22.2,293,Normal
2026-04-15 20:58:02.428599,101,21.9,299,Normal
2026-04-15 20:59:02.428599,101,22.3,292,Normal
2026-04-15 21:00:02.428599,101,22.8,297,Normal
2026-04-15 21:01:02.428599,101,21.9,281,Normal
2026-04-15 21:02:02.428599,101,21.9,302,Normal
2026-04-15 21:03:02.428599,101,22.8,300,Normal
2026-04-15 21:04:02.428599,101,22.4,292,Normal
2026-04-15 21:05:02.428599,101,21.8,307,Normal
2026-04-15 21:06:02.428599,101,22.3,309,Normal
2026-04-15 21:07:02.428599,101,21.8,284,Normal
2026-04-15 21:08:02.428599,101,21.8,292,Normal
2026-04-15 21:09:02.428599,101,22.1,292,Normal
2026-04-15 21:10:02.428599,101,21.0,291,Normal
2026-04-15 21:11:02.428599,101,21.1,308,Normal
2026-04-15 21:12:02.428599,101,21.7,298,Normal
2026-04-15 21:13:02.428599,101,21.5,297,Normal
2026-04-15 21:14:02.428599,101,22.2,280,Normal
2026-04-15 21:15:02.428599,101,21.5,306,Normal
2026-04-15 21:16:02.428599,101,21.3,288,Normal
2026-04-15 21:17:02.428599,101,22.7,301,Normal
2026-04-15 21:18:02.428599,101,21.9,303,Normal
2026-04-15 21:19:02.428599,101,22.0,314,Normal
2026-04-15 21:20:02.428599,101,21.3,287,Normal
2026-04-15 21:21:02.428599,101,21.7,270,Normal
2026-04-15 21:22:02.428599,101,22.1,302,Normal
2026-04-15 21:23:02.428599,101,21.4,318,Normal
2026-04-15 21:24:02.428599,101,22.2,312,Normal
2026-04-15 21:25:02.428599,101,21.7,302,Normal
2026-04-15 21:26:02.428599,101,21.9,295,Normal
2026-04-15 21:27:02.428599,101,21.7,308,Normal
2026-04-15 21:28:02.428599,101,22.9,290,Normal
2026-04-15 21:29:02.428599,101,22.0,305,Normal
2026-04-15 21:30:02.428599,101,21.5,305,Normal
2026-04-15 21:31:02.428599,101,22.4,311,Normal
2026-04-15 21:32:02.428599,101,21.4,328,Normal
2026-04-15 21:33:02.428599,101,22.1,304,Normal
2026-04-15 21:34:02.428599,101,21.0,295,Normal
2026-04-15 21:35:02.428599,101,21.3,300,Normal
2026-04-15 21:36:02.428599,101,22.1,282,Normal
2026-04-15 21:37:02.428599,101,22.4,293,Normal
2026-04-15 21:38:02.428599,101,22.1,296,Normal
2026-04-15 21:39:02.428599,101,21.9,295,Normal
2026-04-15 21:40:02.428599,101,21.8,302,Normal
2026-04-15 21:41:02.428599,101,21.3,292,Normal
2026-04-15 21:42:02.428599,101,21.6,311,Normal
2026-04-15 21:43:02.428599,101,21.8,300,Normal
2026-04-15 21:44:02.428599,101,22.5,300,Normal
2026-04-15 21:45:02.428599,101,22.2,297,Normal
2026-04-15 21:46:02.428599,101,21.1,302,Normal
2026-04-15 21:47:02.428599,101,22.2,308,Normal
2026-04-15 21:48:02.428599,101,21.8,291,Normal
2026-04-15 21:49:02.428599,101,21.7,293,Normal
2026-04-15 21:50:02.428599,101,22.3,297,Normal
2026-04-15 21:51:02.428599,101,22.5,287,Normal
2026-04-15 21:52:02.428599,101,22.5,292,Normal
2026-04-15 21:53:02.428599,101,21.6,295,Normal
2026-04-15 21:54:02.428599,101,21.8,309,Normal
2026-04-15 21:55:02.428599,101,22.2,303,Normal
2026-04-15 21:56:02.428599,101,22.5,302,Normal
2026-04-15 21:57:02.428599,101,21.8,309,Normal
2026-04-15 21:58:02.428599,101,21.9,299,Normal
2026-04-15 21:59:02.428599,101,21.4,304,Normal
2026-04-15 22:00:02.428599,101,21.4,299,Normal
2026-04-15 22:01:02.428599,101,22.4,303,Normal
2026-04-15 22:02:02.428599,101,22.7,294,Normal
2026-04-15 22:03:02.428599,101,22.0,276,Normal
2026-04-15 22:04:02.428599,101,22.5,299,Normal
2026-04-15 22:05:02.428599,101,22.2,314,Normal
2026-04-15 22:06:02.428599,101,21.7,309,Normal
2026-04-15 22:07:02.428599,101,22.2,310,Normal
2026-04-15 22:08:02.428599,101,22.8,312,Normal
2026-04-15 22:09:02.428599,101,22.0,301,Normal
2026-04-15 22:10:02.428599,101,22.8,302,Normal
2026-04-15 22:11:02.428599,101,20.7,294,Normal
2026-04-15 22:12:02.428599,101,22.4,297,Normal
2026-04-15 22:13:02.428599,101,22.0,306,Normal
2026-04-15 22:14:02.428599,101,21.9,312,Normal
2026-04-15 22:15:02.428599,101,22.0,299,Normal
2026-04-15 22:16:02.428599,101,21.0,295,Normal
2026-04-15 22:17:02.428599,101,21.9,300,Normal
2026-04-15 22:18:02.428599,101,22.2,306,Normal
2026-04-15 22:19:02.428599,101,22.7,286,Normal
2026-04-15 22:20:02.428599,101,21.7,277,Normal
2026-04-15 22:21:02.428599,101,21.6,294,Normal
2026-04-15 22:22:02.428599,101,21.7,288,Normal
2026-04-15 22:23:02.428599,101,22.5,295,Normal
2026-04-15 22:24:02.428599,101,22.2,299,Normal
2026-04-15 22:25:02.428599,101,21.7,295,Normal
2026-04-15 22:26:02.428599,101,22.3,315,Normal
2026-04-15 22:27:02.428599,101,22.0,303,Normal
2026-04-15 22:28:02.428599,101,22.5,303,Normal
2026-04-15 22:29:02.428599,101,21.6,306,Normal
2026-04-15 22:30:02.428599,101,21.8,289,Normal
2026-04-15 22:31:02.428599,101,21.8,310,Normal
2026-04-15 22:32:02.428599,101,21.3,299,Normal
2026-04-15 22:33:02.428599,101,22.1,307,Normal
2026-04-15 22:34:02.428599,101,22.1,289,Normal
2026-04-15 22:35:02.428599,101,22.0,284,Normal
2026-04-15 22:36:02.428599,101,21.9,308,Normal
2026-04-15 22:37:02.428599,101,21.3,304,Normal
2026-04-15 22:38:02.428599,101,21.8,291,Normal
2026-04-15 22:39:02.428599,101,21.8,291,Normal
2026-04-15 22:40:02.428599,101,21.6,311,Normal
2026-04-15 22:41:02.428599,101,21.9,288,Normal
2026-04-15 22:42:02.428599,101,22.2,316,Normal
2026-04-15 22:43:02.428599,101,22.9,291,Normal
2026-04-15 22:44:02.428599,101,22.1,306,Normal
2026-04-15 22:45:02.428599,101,22.1,297,Normal
2026-04-15 22:46:02.428599,101,22.0,306,Normal
2026-04-15 22:47:02.428599,101,21.0,295,Normal
2026-04-15 22:48:02.428599,101,22.0,298,Normal
2026-04-15 22:49:02.428599,101,22.0,300,Normal
2026-04-15 22:50:02.428599,101,23.2,290,Normal
2026-04-15 22:51:02.428599,101,21.9,307,Normal
2026-04-15 22:52:02.428599,101,22.2,295,Normal
2026-04-15 22:53:02.428599,101,22.0,298,Normal
2026-04-15 22:54:02.428599,101,21.4,290,Normal
2026-04-15 22:55:02.428599,101,22.6,274,Normal
2026-04-15 22:56:02.428599,101,22.4,298,Normal
2026-04-15 22:57:02.428599,101,22.4,324,Normal
2026-04-15 22:58:02.428599,101,21.5,308,Normal
2026-04-15 22:59:02.428599,101,22.7,300,Normal
2026-04-15 23:00:02.428599,101,21.3,297,Normal
2026-04-15 23:01:02.428599,101,22.3,300,Normal
2026-04-15 23:02:02.428599,101,23.1,305,Normal
2026-04-15 23:03:02.428599,101,21.5,288,Normal
2026-04-15 23:04:02.428599,101,21.7,311,Normal
2026-04-15 23:05:02.428599,101,22.0,307,Normal
2026-04-15 23:06:02.428599,101,21.7,307,Normal
2026-04-15 23:07:02.428599,101,21.2,304,Normal
2026-04-15 23:08:02.428599,101,22.0,300,Normal
2026-04-15 23:09:02.428599,101,21.5,307,Normal
2026-04-15 23:10:02.428599,101,22.2,306,Normal
2026-04-15 23:11:02.428599,101,21.5,296,Normal
2026-04-15 23:12:02.428599,101,22.8,294,Normal
2026-04-15 23:13:02.428599,101,21.6,301,Normal
2026-04-15 23:14:02.428599,101,21.8,315,Normal
2026-04-15 23:15:02.428599,101,22.4,288,Normal
2026-04-15 23:16:02.428599,101,21.4,285,Normal
2026-04-15 23:17:02.428599,101,22.1,302,Normal
2026-04-15 23:18:02.428599,101,22.7,301,Normal
2026-04-15 23:19:02.428599,101,21.2,302,Normal
2026-04-15 23:20:02.428599,101,22.1,302,Normal
2026-04-15 23:21:02.428599,101,22.1,298,Normal
2026-04-15 23:22:02.428599,101,22.4,315,Normal
2026-04-15 23:23:02.428599,101,21.4,284,Normal
2026-04-15 23:24:02.428599,101,21.3,292,Normal
2026-04-15 23:25:02.428599,101,22.3,299,Normal
2026-04-15 23:26:02.428599,101,22.1,284,Normal
2026-04-15 23:27:02.428599,101,22.1,298,Normal
2026-04-15 23:28:02.428599,101,22.2,317,Normal
2026-04-15 23:29:02.428599,101,21.7,300,Normal
2026-04-15 23:30:02.428599,101,22.1,302,Normal
2026-04-15 23:31:02.428599,101,22.1,287,Normal
2026-04-15 23:32:02.428599,101,21.6,294,Normal
2026-04-15 23:33:02.428599,101,22.9,296,Normal
2026-04-15 23:34:02.428599,101,22.2,297,Normal
2026-04-15 23:35:02.428599,101,21.4,313,Normal
2026-04-15 23:36:02.428599,101,22.3,306,Normal
2026-04-15 23:37:02.428599,101,21.5,289,Normal
2026-04-15 23:38:02.428599,101,22.4,302,Normal
2026-04-15 23:39:02.428599,101,22.6,305,Normal
2026-04-15 23:40:02.428599,101,21.6,311,Normal
2026-04-15 23:41:02.428599,101,22.5,316,Normal
2026-04-15 23:42:02.428599,101,22.2,290,Normal
2026-04-15 23:43:02.428599,101,22.4,292,Normal
2026-04-15 23:44:02.428599,101,22.9,287,Normal
2026-04-15 23:45:02.428599,101,21.9,298,Normal
2026-04-15 23:46:02.428599,101,21.6,305,Normal
2026-04-15 23:47:02.428599,101,21.6,310,Normal
2026-04-15 23:48:02.428599,101,21.6,299,Normal
2026-04-15 23:49:02.428599,101,22.0,297,Normal
2026-04-15 23:50:02.428599,101,22.2,302,Normal
2026-04-15 23:51:02.428599,101,22.1,292,Normal
2026-04-15 23:52:02.428599,101,22.4,321,Normal
2026-04-15 23:53:02.428599,101,22.0,284,Normal
2026-04-15 23:54:02.428599,101,22.7,302,Normal
2026-04-15 23:55:02.428599,101,21.9,320,Normal
2026-04-15 23:56:02.428599,101,23.4,300,Normal
2026-04-15 23:57:02.428599,101,22.3,298,Normal
2026-04-15 23:58:02.428599,101,21.6,296,Normal
2026-04-15 23:59:02.428599,101,21.5,298,Normal
2026-04-16 00:00:02.428599,101,22.2,314,Normal
2026-04-16 00:01:02.428599,101,21.9,278,Normal
2026-04-16 00:02:02.428599,101,22.4,315,Normal
2026-04-16 00:03:02.428599,101,22.2,286,Normal
2026-04-16 00:04:02.428599,101,22.0,297,Normal
2026-04-16 00:05:02.428599,101,21.6,296,Normal
2026-04-16 00:06:02.428599,101,21.2,306,Normal
2026-04-16 00:07:02.428599,101,21.8,284,Normal
2026-04-16 00:08:02.428599,101,22.4,305,Normal
2026-04-16 00:09:02.428599,101,22.1,320,Normal
2026-04-16 00:10:02.428599,101,21.4,286,Normal
2026-04-16 00:11:02.428599,101,22.1,302,Normal
2026-04-16 00:12:02.428599,101,22.2,293,Normal
2026-04-16 00:13:02.428599,101,21.6,304,Normal
2026-04-16 00:14:02.428599,101,22.1,300,Normal
2026-04-16 00:15:02.428599,101,22.0,294,Normal
2026-04-16 00:16:02.428599,101,21.4,305,Normal
2026-04-16 00:17:02.428599,101,22.2,318,Normal
2026-04-16 00:18:02.428599,101,22.3,298,Normal
2026-04-16 00:19:02.428599,101,22.5,307,Normal
2026-04-16 00:20:02.428599,101,22.5,287,Normal
2026-04-16 00:21:02.428599,101,21.3,290,Normal
2026-04-16 00:22:02.428599,101,21.5,305,Normal
2026-04-16 00:23:02.428599,101,22.3,315,Normal
2026-04-16 00:24:02.428599,101,22.3,304,Normal
2026-04-16 00:25:02.428599,101,22.3,297,Normal
2026-04-16 00:26:02.428599,101,23.9,300,Normal
2026-04-16 00:27:02.428599,101,22.3,287,Normal
2026-04-16 00:28:02.428599,101,22.6,306,Normal
2026-04-16 00:29:02.428599,101,22.5,309,Normal
2026-04-16 00:30:02.428599,101,22.3,295,Normal
2026-04-16 00:31:02.428599,101,21.8,295,Normal
2026-04-16 00:32:02.428599,101,22.4,303,Normal
2026-04-16 00:33:02.428599,101,21.6,296,Normal
2026-04-16 00:34:02.428599,101,21.9,299,Normal
2026-04-16 00:35:02.428599,101,21.8,321,Normal
2026-04-16 00:36:02.428599,101,22.0,298,Normal
2026-04-16 00:37:02.428599,101,23.2,296,Normal
2026-04-16 00:38:02.428599,101,21.1,294,Normal
2026-04-16 00:39:02.428599,101,22.3,307,Normal
2026-04-16 00:40:02.428599,101,21.2,298,Normal
2026-04-16 00:41:02.428599,101,21.8,294,Normal
2026-04-16 00:42:02.428599,101,22.5,313,Normal
2026-04-16 00:43:02.428599,101,22.0,314,Normal
2026-04-16 00:44:02.428599,101,21.5,294,Normal
2026-04-16 00:45:02.428599,101,21.6,281,Normal
2026-04-16 00:46:02.428599,101,22.3,310,Normal
2026-04-16 00:47:02.428599,101,21.6,293,Normal
2026-04-16 00:48:02.428599,101,22.1,308,Normal
2026-04-16 00:49:02.428599,101,22.0,280,Normal
2026-04-16 00:50:02.428599,101,21.7,309,Normal
2026-04-16 00:51:02.428599,101,23.1,288,Normal
2026-04-16 00:52:02.428599,101,22.3,307,Normal
2026-04-16 00:53:02.428599,101,21.0,300,Normal
2026-04-16 00:54:02.428599,101,22.1,290,Normal
2026-04-16 00:55:02.428599,101,21.7,296,Normal
2026-04-16 00:56:02.428599,101,22.4,307,Normal
2026-04-16 00:57:02.428599,101,21.6,301,Normal
2026-04-16 00:58:02.428599,101,21.9,306,Normal
2026-04-16 00:59:02.428599,101,22.3,320,Normal
2026-04-16 01:00:02.428599,101,22.4,284,Normal
2026-04-16 01:01:02.428599,101,21.4,316,Normal
2026-04-16 01:02:02.428599,101,21.8,301,Normal
2026-04-16 01:03:02.428599,101,21.8,291,Normal
2026-04-16 01:04:02.428599,101,21.7,287,Normal
2026-04-16 01:05:02.428599,101,22.9,298,Normal
2026-04-16 01:06:02.428599,101,22.2,309,Normal
2026-04-16 01:07:02.428599,101,21.4,299,Normal
2026-04-16 01:08:02.428599,101,22.5,315,Normal
2026-04-16 01:09:02.428599,101,23.1,285,Normal
2026-04-16 01:10:02.428599,101,22.5,300,Normal
2026-04-16 01:11:02.428599,101,21.2,287,Normal
2026-04-16 01:12:02.428599,101,21.8,304,Normal
2026-04-16 01:13:02.428599,101,22.6,309,Normal
2026-04-16 01:14:02.428599,101,21.6,296,Normal
2026-04-16 01:15:02.428599,101,22.2,274,Normal
2026-04-16 01:16:02.428599,101,22.4,302,Normal
2026-04-16 01:17:02.428599,101,21.5,304,Normal
2026-04-16 01:18:02.428599,101,22.0,304,Normal
2026-04-16 01:19:02.428599,101,20.4,312,Normal
2026-04-16 01:20:02.428599,101,21.5,289,Normal
2026-04-16 01:21:02.428599,101,21.9,307,Normal
2026-04-16 01:22:02.428599,101,21.4,312,Normal
2026-04-16 01:23:02.428599,101,22.8,282,Normal
2026-04-16 01:24:02.428599,101,21.3,303,Normal
2026-04-16 01:25:02.428599,101,21.8,295,Normal
2026-04-16 01:26:02.428599,101,22.1,299,Normal
2026-04-16 01:27:02.428599,101,22.7,303,Normal
2026-04-16 01:28:02.428599,101,21.3,295,Normal
2026-04-16 01:29:02.428599,101,22.6,293,Normal
2026-04-16 01:30:02.428599,101,22.0,300,Normal
2026-04-16 01:31:02.428599,101,21.5,289,Normal
2026-04-16 01:32:02.428599,101,22.2,289,Normal
2026-04-16 01:33:02.428599,101,22.1,307,Normal
2026-04-16 01:34:02.428599,101,21.7,289,Normal
2026-04-16 01:35:02.428599,101,22.0,307,Normal
2026-04-16 01:36:02.428599,101,21.8,305,Normal
2026-04-16 01:37:02.428599,101,22.1,283,Normal
2026-04-16 01:38:02.428599,101,22.3,293,Normal
2026-04-16 01:39:02.428599,101,22.8,312,Normal
2026-04-16 01:40:02.428599,101,21.4,290,Normal
2026-04-16 01:41:02.428599,101,23.1,295,Normal
2026-04-16 01:42:02.428599,101,21.0,305,Normal
2026-04-16 01:43:02.428599,101,21.9,308,Normal
2026-04-16 01:44:02.428599,101,22.3,297,Normal
2026-04-16 01:45:02.428599,101,22.1,294,Normal
2026-04-16 01:46:02.428599,101,21.7,314,Normal
2026-04-16 01:47:02.428599,101,21.9,317,Normal
2026-04-16 01:48:02.428599,101,21.8,310,Normal
2026-04-16 01:49:02.428599,101,21.7,301,Normal
2026-04-16 01:50:02.428599,101,22.4,292,Normal
2026-04-16 01:51:02.428599,101,22.2,292,Normal
2026-04-16 01:52:02.428599,101,21.7,305,Normal
2026-04-16 01:53:02.428599,101,22.4,304,Normal
2026-04-16 01:54:02.428599,101,22.2,314,Normal
2026-04-16 01:55:02.428599,101,22.4,307,Normal
2026-04-16 01:56:02.428599,101,22.3,285,Normal
2026-04-16 01:57:02.428599,101,21.6,311,Normal
2026-04-16 01:58:02.428599,101,21.7,290,Normal
2026-04-16 01:59:02.428599,101,22.4,296,Normal
2026-04-16 02:00:02.428599,101,22.3,303,Normal
2026-04-16 02:01:02.428599,101,22.0,320,Normal
2026-04-16 02:02:02.428599,101,22.1,331,Normal
2026-04-16 02:03:02.428599,101,22.6,306,Normal
2026-04-16 02:04:02.428599,101,21.7,298,Normal
2026-04-16 02:05:02.428599,101,22.3,305,Normal
2026-04-16 02:06:02.428599,101,21.9,309,Normal
2026-04-16 02:07:02.428599,101,21.9,297,Normal
2026-04-16 02:08:02.428599,101,22.5,318,Normal
2026-04-16 02:09:02.428599,101,22.4,302,Normal
2026-04-16 02:10:02.428599,101,22.4,305,Normal
2026-04-16 02:11:02.428599,101,22.7,307,Normal
2026-04-16 02:12:02.428599,101,22.0,304,Normal
2026-04-16 02:13:02.428599,101,22.3,308,Normal
2026-04-16 02:14:02.428599,101,21.8,294,Normal
2026-04-16 02:15:02.428599,101,22.2,294,Normal
2026-04-16 02:16:02.428599,101,21.9,289,Normal
2026-04-16 02:17:02.428599,101,22.0,304,Normal
2026-04-16 02:18:02.428599,101,22.3,308,Normal
2026-04-16 02:19:02.428599,101,21.6,305,Normal
2026-04-16 02:20:02.428599,101,23.0,317,Normal
2026-04-16 02:21:02.428599,101,21.5,300,Normal
2026-04-16 02:22:02.428599,101,21.4,307,Normal
2026-04-16 02:23:02.428599,101,22.6,289,Normal
2026-04-16 02:24:02.428599,101,22.4,296,Normal
2026-04-16 02:25:02.428599,101,22.3,307,Normal
2026-04-16 02:26:02.428599,101,22.3,308,Normal
2026-04-16 02:27:02.428599,101,22.0,297,Normal
2026-04-16 02:28:02.428599,101,21.6,299,Normal
2026-04-16 02:29:02.428599,101,22.0,285,Normal
2026-04-16 02:30:02.428599,101,21.7,296,Normal
2026-04-16 02:31:02.428599,101,22.5,309,Normal
2026-04-16 02:32:02.428599,101,21.9,306,Normal
2026-04-16 02:33:02.428599,101,21.6,305,Normal
2026-04-16 02:34:02.428599,101,21.8,300,Normal
2026-04-16 02:35:02.428599,101,22.2,300,Normal
2026-04-16 02:36:02.428599,101,21.7,293,Normal
2026-04-16 02:37:02.428599,101,21.6,307,Normal
2026-04-16 02:38:02.428599,101,22.1,304,Normal
2026-04-16 02:39:02.428599,101,22.1,305,Normal
2026-04-16 02:40:02.428599,101,21.7,295,Normal
2026-04-16 02:41:02.428599,101,21.8,278,Normal
2026-04-16 02:42:02.428599,101,22.1,311,Normal
2026-04-16 02:43:02.428599,101,21.3,295,Normal
2026-04-16 02:44:02.428599,101,21.3,291,Normal
2026-04-16 02:45:02.428599,101,21.6,307,Normal
2026-04-16 02:46:02.428599,101,21.9,296,Normal
2026-04-16 02:47:02.428599,101,22.2,311,Normal
2026-04-16 02:48:02.428599,101,22.7,306,Normal
2026-04-16 02:49:02.428599,101,22.4,307,Normal
2026-04-16 02:50:02.428599,101,21.9,286,Normal
2026-04-16 02:51:02.428599,101,22.0,312,Normal
2026-04-16 02:52:02.428599,101,21.5,303,Normal
2026-04-16 02:53:02.428599,101,22.0,296,Normal
2026-04-16 02:54:02.428599,101,21.9,301,Normal
2026-04-16 02:55:02.428599,101,22.2,282,Normal
2026-04-16 02:56:02.428599,101,21.6,304,Normal
2026-04-16 02:57:02.428599,101,22.3,290,Normal
2026-04-16 02:58:02.428599,101,22.8,286,Normal
2026-04-16 02:59:02.428599,101,21.9,285,Normal
2026-04-16 03:00:02.428599,101,22.2,311,Normal
2026-04-16 03:01:02.428599,101,22.3,294,Normal
2026-04-16 03:02:02.428599,101,21.8,315,Normal
2026-04-16 03:03:02.428599,101,22.1,295,Normal
2026-04-16 03:04:02.428599,101,22.0,283,Normal
2026-04-16 03:05:02.428599,101,22.0,289,Normal
2026-04-16 03:06:02.428599,101,21.6,312,Normal
2026-04-16 03:07:02.428599,101,22.0,298,Normal
2026-04-16 03:08:02.428599,101,22.2,295,Normal
2026-04-16 03:09:02.428599,101,22.7,302,Normal
2026-04-16 03:10:02.428599,101,22.5,305,Normal
2026-04-16 03:11:02.428599,101,23.1,311,Normal
2026-04-16 03:12:02.428599,101,21.6,314,Normal
2026-04-16 03:13:02.428599,101,22.4,296,Normal
2026-04-16 03:14:02.428599,101,22.1,287,Normal
2026-04-16 03:15:02.428599,101,23.1,296,Normal
2026-04-16 03:16:02.428599,101,21.6,303,Normal
2026-04-16 03:17:02.428599,101,21.6,290,Normal
2026-04-16 03:18:02.428599,101,21.7,290,Normal
2026-04-16 03:19:02.428599,101,20.9,303,Normal
2026-04-16 03:20:02.428599,101,21.7,300,Normal
2026-04-16 03:21:02.428599,101,21.6,300,Normal
2026-04-16 03:22:02.428599,101,22.1,292,Normal
2026-04-16 03:23:02.428599,101,22.2,298,Normal
2026-04-16 03:24:02.428599,101,22.9,291,Normal
2026-04-16 03:25:02.428599,101,22.5,309,Normal
2026-04-16 03:26:02.428599,101,21.7,310,Normal
2026-04-16 03:27:02.428599,101,21.6,282,Normal
2026-04-16 03:28:02.428599,101,22.2,291,Normal
2026-04-16 03:29:02.428599,101,21.3,285,Normal
2026-04-16 03:30:02.428599,101,22.9,293,Normal
2026-04-16 03:31:02.428599,101,22.6,299,Normal
2026-04-16 03:32:02.428599,101,21.8,286,Normal
2026-04-16 03:33:02.428599,101,21.1,291,Normal
2026-04-16 03:34:02.428599,101,22.7,290,Normal
2026-04-16 03:35:02.428599,101,21.9,302,Normal
2026-04-16 03:36:02.428599,101,22.6,301,Normal
2026-04-16 03:37:02.428599,101,21.2,583,Cigarette
2026-04-16 03:38:02.428599,101,21.7,599,Cigarette
2026-04-16 03:39:02.428599,101,22.0,600,Cigarette
2026-04-16 03:40:02.428599,101,22.0,609,Cigarette
2026-04-16 03:41:02.428599,101,21.8,573,Cigarette
2026-04-16 03:42:02.428599,101,22.3,612,Cigarette
2026-04-16 03:43:02.428599,101,21.5,546,Cigarette
2026-04-16 03:44:02.428599,101,21.9,587,Cigarette
2026-04-16 03:45:02.428599,101,22.1,590,Cigarette
2026-04-16 03:46:02.428599,101,22.3,613,Cigarette
2026-04-16 03:47:02.428599,101,22.4,600,Cigarette
2026-04-16 03:48:02.428599,101,21.4,572,Cigarette
2026-04-16 03:49:02.428599,101,21.2,580,Cigarette
2026-04-16 03:50:02.428599,101,22.6,604,Cigarette
2026-04-16 03:51:02.428599,101,22.2,598,Cigarette
2026-04-16 03:52:02.428599,101,21.6,588,Cigarette
2026-04-16 03:53:02.428599,101,22.8,590,Cigarette
2026-04-16 03:54:02.428599,101,22.1,614,Cigarette
2026-04-16 03:55:02.428599,101,22.6,590,Cigarette
2026-04-16 03:56:02.428599,101,22.0,598,Cigarette
2026-04-16 03:57:02.428599,101,23.0,310,Normal
2026-04-16 03:58:02.428599,101,22.9,312,Normal
2026-04-16 03:59:02.428599,101,21.9,298,Normal
2026-04-16 04:00:02.428599,101,22.5,300,Normal
2026-04-16 04:01:02.428599,101,22.3,285,Normal
2026-04-16 04:02:02.428599,101,22.7,305,Normal
2026-04-16 04:03:02.428599,101,21.5,306,Normal
2026-04-16 04:04:02.428599,101,22.3,299,Normal
2026-04-16 04:05:02.428599,101,22.5,311,Normal
2026-04-16 04:06:02.428599,101,21.1,297,Normal
2026-04-16 04:07:02.428599,101,21.4,306,Normal
2026-04-16 04:08:02.428599,101,21.0,290,Normal
2026-04-16 04:09:02.428599,101,21.9,300,Normal
2026-04-16 04:10:02.428599,101,22.4,298,Normal
2026-04-16 04:11:02.428599,101,22.8,302,Normal
2026-04-16 04:12:02.428599,101,22.0,296,Normal
2026-04-16 04:13:02.428599,101,22.8,299,Normal
2026-04-16 04:14:02.428599,101,21.3,308,Normal
2026-04-16 04:15:02.428599,101,21.1,296,Normal
2026-04-16 04:16:02.428599,101,22.0,284,Normal
2026-04-16 04:17:02.428599,101,22.2,317,Normal
2026-04-16 04:18:02.428599,101,22.0,314,Normal
2026-04-16 04:19:02.428599,101,21.0,287,Normal
2026-04-16 04:20:02.428599,101,22.0,307,Normal
2026-04-16 04:21:02.428599,101,21.3,295,Normal
2026-04-16 04:22:02.428599,101,22.3,303,Normal
2026-04-16 04:23:02.428599,101,22.2,303,Normal
2026-04-16 04:24:02.428599,101,21.5,298,Normal
2026-04-16 04:25:02.428599,101,21.7,292,Normal
2026-04-16 04:26:02.428599,101,21.5,293,Normal
2026-04-16 04:27:02.428599,101,22.0,291,Normal
2026-04-16 04:28:02.428599,101,22.5,292,Normal
2026-04-16 04:29:02.428599,101,21.5,299,Normal
2026-04-16 04:30:02.428599,101,22.3,293,Normal
2026-04-16 04:31:02.428599,101,21.7,307,Normal
2026-04-16 04:32:02.428599,101,21.6,315,Normal
2026-04-16 04:33:02.428599,101,21.9,294,Normal
2026-04-16 04:34:02.428599,101,21.5,302,Normal
2026-04-16 04:35:02.428599,101,21.7,305,Normal
2026-04-16 04:36:02.428599,101,21.4,305,Normal
2026-04-16 04:37:02.428599,101,23.0,301,Normal
2026-04-16 04:38:02.428599,101,22.0,307,Normal
2026-04-16 04:39:02.428599,101,21.7,305,Normal
2026-04-16 04:40:02.428599,101,22.1,288,Normal
2026-04-16 04:41:02.428599,101,21.9,309,Normal
2026-04-16 04:42:02.428599,101,21.9,309,Normal
2026-04-16 04:43:02.428599,101,22.3,292,Normal
2026-04-16 04:44:02.428599,101,22.4,300,Normal
2026-04-16 04:45:02.428599,101,21.7,307,Normal
2026-04-16 04:46:02.428599,101,21.7,298,Normal
2026-04-16 04:47:02.428599,101,21.9,311,Normal
2026-04-16 04:48:02.428599,101,20.8,324,Normal
2026-04-16 04:49:02.428599,101,21.2,292,Normal
2026-04-16 04:50:02.428599,101,22.7,286,Normal
2026-04-16 04:51:02.428599,101,22.8,303,Normal
2026-04-16 04:52:02.428599,101,21.9,307,Normal
2026-04-16 04:53:02.428599,101,22.3,298,Normal
2026-04-16 04:54:02.428599,101,22.2,315,Normal
2026-04-16 04:55:02.428599,101,23.5,287,Normal
2026-04-16 04:56:02.428599,101,22.6,307,Normal
2026-04-16 04:57:02.428599,101,21.9,294,Normal
2026-04-16 04:58:02.428599,101,21.5,317,Normal
2026-04-16 04:59:02.428599,101,21.2,320,Normal
2026-04-16 05:00:02.428599,101,22.1,292,Normal
2026-04-16 05:01:02.428599,101,21.6,295,Normal
2026-04-16 05:02:02.428599,101,21.3,309,Normal
2026-04-16 05:03:02.428599,101,21.7,296,Normal
2026-04-16 05:04:02.428599,101,21.5,300,Normal
2026-04-16 05:05:02.428599,101,22.8,300,Normal
2026-04-16 05:06:02.428599,101,22.4,281,Normal
2026-04-16 05:07:02.428599,101,22.0,300,Normal
2026-04-16 05:08:02.428599,101,22.7,293,Normal
2026-04-16 05:09:02.428599,101,22.0,295,Normal
2026-04-16 05:10:02.428599,101,21.6,314,Normal
2026-04-16 05:11:02.428599,101,22.8,287,Normal
2026-04-16 05:12:02.428599,101,22.3,308,Normal
2026-04-16 05:13:02.428599,101,21.5,297,Normal
2026-04-16 05:14:02.428599,101,21.9,297,Normal
2026-04-16 05:15:02.428599,101,21.6,308,Normal
2026-04-16 05:16:02.428599,101,21.3,303,Normal
2026-04-16 05:17:02.428599,101,22.5,306,Normal
2026-04-16 05:18:02.428599,101,23.0,310,Normal
2026-04-16 05:19:02.428599,101,21.3,297,Normal
2026-04-16 05:20:02.428599,101,22.3,294,Normal
2026-04-16 05:21:02.428599,101,21.7,289,Normal
2026-04-16 05:22:02.428599,101,21.8,292,Normal
2026-04-16 05:23:02.428599,101,21.7,329,Normal
2026-04-16 05:24:02.428599,101,21.6,312,Normal
2026-04-16 05:25:02.428599,101,22.0,286,Normal
2026-04-16 05:26:02.428599,101,21.6,287,Normal
2026-04-16 05:27:02.428599,101,22.1,305,Normal
2026-04-16 05:28:02.428599,101,22.0,305,Normal
2026-04-16 05:29:02.428599,101,21.9,305,Normal
2026-04-16 05:30:02.428599,101,21.5,297,Normal
2026-04-16 05:31:02.428599,101,21.7,299,Normal
2026-04-16 05:32:02.428599,101,22.4,303,Normal
2026-04-16 05:33:02.428599,101,22.3,301,Normal
2026-04-16 05:34:02.428599,101,21.5,278,Normal
2026-04-16 05:35:02.428599,101,22.0,298,Normal
2026-04-16 05:36:02.428599,101,22.4,291,Normal
2026-04-16 05:37:02.428599,101,21.2,302,Normal
2026-04-16 05:38:02.428599,101,22.3,330,Normal
2026-04-16 05:39:02.428599,101,21.7,304,Normal
2026-04-16 05:40:02.428599,101,22.3,297,Normal
2026-04-16 05:41:02.428599,101,21.6,309,Normal
2026-04-16 05:42:02.428599,101,21.1,305,Normal
2026-04-16 05:43:02.428599,101,21.2,304,Normal
2026-04-16 05:44:02.428599,101,22.0,306,Normal
2026-04-16 05:45:02.428599,101,22.1,321,Normal
2026-04-16 05:46:02.428599,101,21.5,289,Normal
2026-04-16 05:47:02.428599,101,22.3,305,Normal
2026-04-16 05:48:02.428599,101,21.2,291,Normal
2026-04-16 05:49:02.428599,101,22.0,306,Normal
2026-04-16 05:50:02.428599,101,21.4,291,Normal
2026-04-16 05:51:02.428599,101,21.7,296,Normal
2026-04-16 05:52:02.428599,101,22.0,297,Normal
2026-04-16 05:53:02.428599,101,21.6,310,Normal
2026-04-16 05:54:02.428599,101,21.8,309,Normal
2026-04-16 05:55:02.428599,101,22.5,288,Normal
2026-04-16 05:56:02.428599,101,21.7,301,Normal
2026-04-16 05:57:02.428599,101,22.4,293,Normal
2026-04-16 05:58:02.428599,101,21.4,287,Normal
2026-04-16 05:59:02.428599,101,22.3,298,Normal
2026-04-16 06:00:02.428599,101,22.7,297,Normal
2026-04-16 06:01:02.428599,101,20.8,324,Normal
2026-04-16 06:02:02.428599,101,21.6,304,Normal
2026-04-16 06:03:02.428599,101,22.3,286,Normal
2026-04-16 06:04:02.428599,101,21.9,294,Normal
2026-04-16 06:05:02.428599,101,22.2,310,Normal
2026-04-16 06:06:02.428599,101,21.7,321,Normal
2026-04-16 06:07:02.428599,101,22.0,284,Normal
2026-04-16 06:08:02.428599,101,21.9,281,Normal
2026-04-16 06:09:02.428599,101,22.6,319,Normal
2026-04-16 06:10:02.428599,101,22.1,304,Normal
2026-04-16 06:11:02.428599,101,22.2,291,Normal
2026-04-16 06:12:02.428599,101,21.8,305,Normal
2026-04-16 06:13:02.428599,101,21.8,274,Normal
2026-04-16 06:14:02.428599,101,21.8,300,Normal
2026-04-16 06:15:02.428599,101,22.2,303,Normal
2026-04-16 06:16:02.428599,101,21.8,309,Normal
2026-04-16 06:17:02.428599,101,22.1,290,Normal
2026-04-16 06:18:02.428599,101,23.0,301,Normal
2026-04-16 06:19:02.428599,101,22.4,291,Normal
2026-04-16 06:20:02.428599,101,21.8,303,Normal
2026-04-16 06:21:02.428599,101,22.6,291,Normal
2026-04-16 06:22:02.428599,101,21.8,296,Normal
2026-04-16 06:23:02.428599,101,21.0,290,Normal
2026-04-16 06:24:02.428599,101,21.5,307,Normal
2026-04-16 06:25:02.428599,101,21.1,309,Normal
2026-04-16 06:26:02.428599,101,21.8,298,Normal
2026-04-16 06:27:02.428599,101,22.0,300,Normal
2026-04-16 06:28:02.428599,101,22.8,286,Normal
2026-04-16 06:29:02.428599,101,22.2,297,Normal
2026-04-16 06:30:02.428599,101,21.9,299,Normal
2026-04-16 06:31:02.428599,101,22.4,326,Normal
2026-04-16 06:32:02.428599,101,20.9,289,Normal
2026-04-16 06:33:02.428599,101,22.1,315,Normal
2026-04-16 06:34:02.428599,101,22.4,310,Normal
2026-04-16 06:35:02.428599,101,21.3,303,Normal
2026-04-16 06:36:02.428599,101,22.6,318,Normal
2026-04-16 06:37:02.428599,101,22.2,304,Normal
2026-04-16 06:38:02.428599,101,21.8,304,Normal
2026-04-16 06:39:02.428599,101,22.3,299,Normal
2026-04-16 06:40:02.428599,101,23.1,312,Normal
2026-04-16 06:41:02.428599,101,22.1,311,Normal
2026-04-16 06:42:02.428599,101,22.1,294,Normal
2026-04-16 06:43:02.428599,101,21.8,287,Normal
2026-04-16 06:44:02.428599,101,21.6,298,Normal
2026-04-16 06:45:02.428599,101,22.4,292,Normal
2026-04-16 06:46:02.428599,101,21.6,299,Normal
2026-04-16 06:47:02.428599,101,22.0,312,Normal
2026-04-16 06:48:02.428599,101,21.8,295,Normal
2026-04-16 06:49:02.428599,101,22.2,300,Normal
2026-04-16 06:50:02.428599,101,22.2,301,Normal
2026-04-16 06:51:02.428599,101,22.5,308,Normal
2026-04-16 06:52:02.428599,101,21.7,278,Normal
2026-04-16 06:53:02.428599,101,21.9,294,Normal
2026-04-16 06:54:02.428599,101,21.5,302,Normal
2026-04-16 06:55:02.428599,101,21.8,312,Normal
2026-04-16 06:56:02.428599,101,22.2,295,Normal
2026-04-16 06:57:02.428599,101,22.4,281,Normal
2026-04-16 06:58:02.428599,101,21.5,306,Normal
2026-04-16 06:59:02.428599,101,22.4,294,Normal
2026-04-16 07:00:02.428599,101,22.7,288,Normal
2026-04-16 07:01:02.428599,101,22.2,294,Normal
2026-04-16 07:02:02.428599,101,22.9,298,Normal
2026-04-16 07:03:02.428599,101,21.6,294,Normal
2026-04-16 07:04:02.428599,101,21.4,278,Normal
2026-04-16 07:05:02.428599,101,21.1,309,Normal
2026-04-16 07:06:02.428599,101,22.7,313,Normal
2026-04-16 07:07:02.428599,101,22.3,307,Normal
2026-04-16 07:08:02.428599,101,22.0,289,Normal
2026-04-16 07:09:02.428599,101,22.1,298,Normal
2026-04-16 07:10:02.428599,101,21.4,300,Normal
2026-04-16 07:11:02.428599,101,23.2,306,Normal
2026-04-16 07:12:02.428599,101,22.1,307,Normal
2026-04-16 07:13:02.428599,101,22.1,293,Normal
2026-04-16 07:14:02.428599,101,22.4,301,Normal
2026-04-16 07:15:02.428599,101,22.2,305,Normal
2026-04-16 07:16:02.428599,101,22.1,315,Normal
2026-04-16 07:17:02.428599,101,21.6,307,Normal
2026-04-16 07:18:02.428599,101,22.2,308,Normal
2026-04-16 07:19:02.428599,101,22.9,301,Normal
2026-04-16 07:20:02.428599,101,22.7,314,Normal
2026-04-16 07:21:02.428599,101,22.8,304,Normal
2026-04-16 07:22:02.428599,101,21.7,291,Normal
2026-04-16 07:23:02.428599,101,21.5,314,Normal
2026-04-16 07:24:02.428599,101,21.9,307,Normal
2026-04-16 07:25:02.428599,101,22.0,296,Normal
2026-04-16 07:26:02.428599,101,22.5,295,Normal
2026-04-16 07:27:02.428599,101,21.2,303,Normal
2026-04-16 07:28:02.428599,101,22.8,305,Normal
2026-04-16 07:29:02.428599,101,21.9,302,Normal
2026-04-16 07:30:02.428599,101,21.8,303,Normal
2026-04-16 07:31:02.428599,101,21.5,317,Normal
2026-04-16 07:32:02.428599,101,21.2,311,Normal
2026-04-16 07:33:02.428599,101,22.4,302,Normal
2026-04-16 07:34:02.428599,101,22.0,309,Normal
2026-04-16 07:35:02.428599,101,21.4,290,Normal
2026-04-16 07:36:02.428599,101,21.4,304,Normal
2026-04-16 07:37:02.428599,101,21.8,318,Normal
2026-04-16 07:38:02.428599,101,22.8,298,Normal
2026-04-16 07:39:02.428599,101,21.9,292,Normal
2026-04-16 07:40:02.428599,101,21.2,293,Normal
2026-04-16 07:41:02.428599,101,21.9,289,Normal
2026-04-16 07:42:02.428599,101,21.9,292,Normal
2026-04-16 07:43:02.428599,101,20.7,296,Normal
2026-04-16 07:44:02.428599,101,22.0,286,Normal
2026-04-16 07:45:02.428599,101,21.9,300,Normal
2026-04-16 07:46:02.428599,101,22.3,309,Normal
2026-04-16 07:47:02.428599,101,22.9,291,Normal
2026-04-16 07:48:02.428599,101,22.6,315,Normal
2026-04-16 07:49:02.428599,101,21.9,305,Normal
2026-04-16 07:50:02.428599,101,21.4,310,Normal
2026-04-16 07:51:02.428599,101,23.3,293,Normal
2026-04-16 07:52:02.428599,101,22.0,309,Normal
2026-04-16 07:53:02.428599,101,22.0,289,Normal
2026-04-16 07:54:02.428599,101,22.0,309,Normal
2026-04-16 07:55:02.428599,101,22.1,302,Normal
2026-04-16 07:56:02.428599,101,21.9,306,Normal
2026-04-16 07:57:02.428599,101,21.7,288,Normal
2026-04-16 07:58:02.428599,101,21.7,291,Normal
2026-04-16 07:59:02.428599,101,22.0,306,Normal
2026-04-16 08:00:02.428599,101,21.7,291,Normal
2026-04-16 08:01:02.428599,101,21.6,305,Normal
2026-04-16 08:02:02.428599,101,22.1,286,Normal
2026-04-16 08:03:02.428599,101,21.9,308,Normal
2026-04-16 08:04:02.428599,101,22.8,288,Normal
2026-04-16 08:05:02.428599,101,20.7,306,Normal
2026-04-16 08:06:02.428599,101,22.5,306,Normal
2026-04-16 08:07:02.428599,101,22.6,293,Normal
2026-04-16 08:08:02.428599,101,21.0,306,Normal
2026-04-16 08:09:02.428599,101,21.8,303,Normal
2026-04-16 08:10:02.428599,101,21.8,295,Normal
2026-04-16 08:11:02.428599,101,21.3,290,Normal
2026-04-16 08:12:02.428599,101,21.6,280,Normal
2026-04-16 08:13:02.428599,101,21.4,303,Normal
2026-04-16 08:14:02.428599,101,22.9,284,Normal
2026-04-16 08:15:02.428599,101,22.5,301,Normal
2026-04-16 08:16:02.428599,101,22.6,297,Normal
2026-04-16 08:17:02.428599,101,22.4,307,Normal
2026-04-16 08:18:02.428599,101,21.4,297,Normal
2026-04-16 08:19:02.428599,101,21.7,297,Normal
2026-04-16 08:20:02.428599,101,22.2,307,Normal
2026-04-16 08:21:02.428599,101,21.4,303,Normal
2026-04-16 08:22:02.428599,101,22.4,303,Normal
2026-04-16 08:23:02.428599,101,21.9,305,Normal
2026-04-16 08:24:02.428599,101,21.8,285,Normal
2026-04-16 08:25:02.428599,101,22.4,308,Normal
2026-04-16 08:26:02.428599,101,22.2,306,Normal
2026-04-16 08:27:02.428599,101,21.8,290,Normal
2026-04-16 08:28:02.428599,101,22.6,298,Normal
2026-04-16 08:29:02.428599,101,21.5,300,Normal
2026-04-16 08:30:02.428599,101,22.3,299,Normal
2026-04-16 08:31:02.428599,101,22.3,303,Normal
2026-04-16 08:32:02.428599,101,21.8,314,Normal
2026-04-16 08:33:02.428599,101,22.2,311,Normal
2026-04-16 08:34:02.428599,101,21.4,287,Normal
2026-04-16 08:35:02.428599,101,22.5,306,Normal
2026-04-16 08:36:02.428599,101,21.9,313,Normal
2026-04-16 08:37:02.428599,101,21.7,304,Normal
2026-04-16 08:38:02.428599,101,22.5,311,Normal
2026-04-16 08:39:02.428599,101,21.6,320,Normal
2026-04-16 08:40:02.428599,101,21.3,310,Normal
2026-04-16 08:41:02.428599,101,21.2,302,Normal
2026-04-16 08:42:02.428599,101,22.3,310,Normal
2026-04-16 08:43:02.428599,101,21.4,301,Normal
2026-04-16 08:44:02.428599,101,22.9,300,Normal
2026-04-16 08:45:02.428599,101,21.0,296,Normal
2026-04-16 08:46:02.428599,101,22.8,316,Normal
2026-04-16 08:47:02.428599,101,22.1,292,Normal
2026-04-16 08:48:02.428599,101,22.0,315,Normal
2026-04-16 08:49:02.428599,101,21.7,305,Normal
2026-04-16 08:50:02.428599,101,22.2,286,Normal
2026-04-16 08:51:02.428599,101,22.0,304,Normal
2026-04-16 08:52:02.428599,101,22.6,279,Normal
2026-04-16 08:53:02.428599,101,22.1,306,Normal
2026-04-16 08:54:02.428599,101,22.1,309,Normal
2026-04-16 08:55:02.428599,101,21.8,294,Normal
2026-04-16 08:56:02.428599,101,22.0,301,Normal
2026-04-16 08:57:02.428599,101,22.2,320,Normal
2026-04-16 08:58:02.428599,101,21.1,295,Normal
2026-04-16 08:59:02.428599,101,21.3,289,Normal
2026-04-16 09:00:02.428599,101,22.4,315,Normal
2026-04-16 09:01:02.428599,101,22.1,320,Normal
2026-04-16 09:02:02.428599,101,21.9,300,Normal
2026-04-16 09:03:02.428599,101,22.0,310,Normal
2026-04-16 09:04:02.428599,101,22.2,313,Normal
2026-04-16 09:05:02.428599,101,21.7,293,Normal
2026-04-16 09:06:02.428599,101,21.6,295,Normal
2026-04-16 09:07:02.428599,101,22.1,312,Normal
2026-04-16 09:08:02.428599,101,21.5,317,Normal
2026-04-16 09:09:02.428599,101,22.2,306,Normal
2026-04-16 09:10:02.428599,101,21.1,291,Normal
2026-04-16 09:11:02.428599,101,22.5,320,Normal
2026-04-16 09:12:02.428599,101,22.2,295,Normal
2026-04-16 09:13:02.428599,101,22.1,297,Normal
2026-04-16 09:14:02.428599,101,22.5,303,Normal
2026-04-16 09:15:02.428599,101,22.8,316,Normal
2026-04-16 09:16:02.428599,101,22.5,309,Normal
2026-04-16 09:17:02.428599,101,21.1,304,Normal
2026-04-16 09:18:02.428599,101,21.4,305,Normal
2026-04-16 09:19:02.428599,101,21.7,300,Normal
2026-04-16 09:20:02.428599,101,22.0,306,Normal
2026-04-16 09:21:02.428599,101,22.3,275,Normal
2026-04-16 09:22:02.428599,101,21.6,297,Normal
2026-04-16 09:23:02.428599,101,22.1,302,Normal
2026-04-16 09:24:02.428599,101,21.6,288,Normal
2026-04-16 09:25:02.428599,101,21.7,304,Normal
2026-04-16 09:26:02.428599,101,21.3,298,Normal
2026-04-16 09:27:02.428599,101,21.5,318,Normal
2026-04-16 09:28:02.428599,101,21.3,316,Normal
2026-04-16 09:29:02.428599,101,21.5,295,Normal
2026-04-16 09:30:02.428599,101,22.5,298,Normal
2026-04-16 09:31:02.428599,101,21.5,299,Normal
2026-04-16 09:32:02.428599,101,23.3,295,Normal
2026-04-16 09:33:02.428599,101,22.2,302,Normal
2026-04-16 09:34:02.428599,101,22.1,292,Normal
2026-04-16 09:35:02.428599,101,21.6,289,Normal
2026-04-16 09:36:02.428599,101,22.4,306,Normal
2026-04-16 09:37:02.428599,101,21.7,306,Normal
2026-04-16 09:38:02.428599,101,22.1,292,Normal
2026-04-16 09:39:02.428599,101,23.3,309,Normal
2026-04-16 09:40:02.428599,101,22.0,294,Normal
2026-04-16 09:41:02.428599,101,22.6,303,Normal
2026-04-16 09:42:02.428599,101,21.6,308,Normal
2026-04-16 09:43:02.428599,101,22.0,300,Normal
2026-04-16 09:44:02.428599,101,22.9,305,Normal
2026-04-16 09:45:02.428599,101,21.7,295,Normal
2026-04-16 09:46:02.428599,101,22.9,298,Normal
2026-04-16 09:47:02.428599,101,22.4,298,Normal
2026-04-16 09:48:02.428599,101,21.7,293,Normal
2026-04-16 09:49:02.428599,101,22.3,298,Normal
2026-04-16 09:50:02.428599,101,22.5,285,Normal
2026-04-16 09:51:02.428599,101,22.3,295,Normal
2026-04-16 09:52:02.428599,101,21.2,297,Normal
2026-04-16 09:53:02.428599,101,21.6,297,Normal
2026-04-16 09:54:02.428599,101,21.9,298,Normal
2026-04-16 09:55:02.428599,101,22.0,299,Normal
2026-04-16 09:56:02.428599,101,22.3,305,Normal
2026-04-16 09:57:02.428599,101,22.1,309,Normal
2026-04-16 09:58:02.428599,101,21.3,294,Normal
2026-04-16 09:59:02.428599,101,22.2,288,Normal
2026-04-16 10:00:02.428599,101,22.3,290,Normal
2026-04-16 10:01:02.428599,101,22.3,295,Normal
2026-04-16 10:02:02.428599,101,22.5,296,Normal
2026-04-16 10:03:02.428599,101,22.4,292,Normal
2026-04-16 10:04:02.428599,101,22.2,287,Normal
2026-04-16 10:05:02.428599,101,22.0,295,Normal
2026-04-16 10:06:02.428599,101,21.2,302,Normal
2026-04-16 10:07:02.428599,101,22.2,306,Normal
2026-04-16 10:08:02.428599,101,22.1,294,Normal
2026-04-16 10:09:02.428599,101,22.1,296,Normal
2026-04-16 10:10:02.428599,101,21.4,291,Normal
2026-04-16 10:11:02.428599,101,21.5,300,Normal
2026-04-16 10:12:02.428599,101,22.5,292,Normal
2026-04-16 10:13:02.428599,101,22.0,306,Normal
2026-04-16 10:14:02.428599,101,22.3,282,Normal
2026-04-16 10:15:02.428599,101,22.0,296,Normal
2026-04-16 10:16:02.428599,101,22.0,303,Normal
2026-04-16 10:17:02.428599,101,22.5,302,Normal
2026-04-16 10:18:02.428599,101,21.7,327,Normal
2026-04-16 10:19:02.428599,101,22.0,303,Normal
2026-04-16 10:20:02.428599,101,21.8,290,Normal
2026-04-16 10:21:02.428599,101,21.8,299,Normal
2026-04-16 10:22:02.428599,101,21.8,282,Normal
2026-04-16 10:23:02.428599,101,22.1,299,Normal
2026-04-16 10:24:02.428599,101,21.8,292,Normal
2026-04-16 10:25:02.428599,101,22.6,309,Normal
2026-04-16 10:26:02.428599,101,21.6,295,Normal
2026-04-16 10:27:02.428599,101,21.9,299,Normal
2026-04-16 10:28:02.428599,101,21.8,294,Normal
2026-04-16 10:29:02.428599,101,22.7,317,Normal
2026-04-16 10:30:02.428599,101,22.1,297,Normal
2026-04-16 10:31:02.428599,101,22.5,318,Normal
2026-04-16 10:32:02.428599,101,21.3,308,Normal
2026-04-16 10:33:02.428599,101,22.1,305,Normal
2026-04-16 10:34:02.428599,101,22.4,304,Normal
2026-04-16 10:35:02.428599,101,22.0,304,Normal
2026-04-16 10:36:02.428599,101,22.5,281,Normal
2026-04-16 10:37:02.428599,101,21.7,297,Normal
2026-04-16 10:38:02.428599,101,22.7,308,Normal
2026-04-16 10:39:02.428599,101,23.1,300,Normal
2026-04-16 10:40:02.428599,101,21.8,286,Normal
2026-04-16 10:41:02.428599,101,21.8,299,Normal
2026-04-16 10:42:02.428599,101,22.7,317,Normal
2026-04-16 10:43:02.428599,101,22.8,312,Normal
2026-04-16 10:44:02.428599,101,21.7,299,Normal
2026-04-16 10:45:02.428599,101,21.8,310,Normal
2026-04-16 10:46:02.428599,101,21.9,296,Normal
2026-04-16 10:47:02.428599,101,21.3,283,Normal
2026-04-16 10:48:02.428599,101,21.5,291,Normal
2026-04-16 10:49:02.428599,101,21.5,316,Normal
2026-04-16 10:50:02.428599,101,21.6,297,Normal
2026-04-16 10:51:02.428599,101,22.0,298,Normal
2026-04-16 10:52:02.428599,101,22.1,297,Normal
2026-04-16 10:53:02.428599,101,22.8,319,Normal
2026-04-16 10:54:02.428599,101,21.5,316,Normal
2026-04-16 10:55:02.428599,101,22.5,322,Normal
2026-04-16 10:56:02.428599,101,21.9,298,Normal
2026-04-16 10:57:02.428599,101,22.0,303,Normal
2026-04-16 10:58:02.428599,101,22.3,285,Normal
2026-04-16 10:59:02.428599,101,21.4,315,Normal
2026-04-16 11:00:02.428599,101,22.2,288,Normal
2026-04-16 11:01:02.428599,101,22.1,302,Normal
2026-04-16 11:02:02.428599,101,22.2,289,Normal
2026-04-16 11:03:02.428599,101,22.1,294,Normal
2026-04-16 11:04:02.428599,101,23.2,292,Normal
2026-04-16 11:05:02.428599,101,21.7,294,Normal
2026-04-16 11:06:02.428599,101,21.7,295,Normal
2026-04-16 11:07:02.428599,101,21.7,295,Normal
2026-04-16 11:08:02.428599,101,21.7,308,Normal
2026-04-16 11:09:02.428599,101,21.7,289,Normal
2026-04-16 11:10:02.428599,101,22.6,302,Normal
2026-04-16 11:11:02.428599,101,22.7,312,Normal
2026-04-16 11:12:02.428599,101,21.7,295,Normal
2026-04-16 11:13:02.428599,101,21.6,293,Normal
2026-04-16 11:14:02.428599,101,22.2,298,Normal
2026-04-16 11:15:02.428599,101,21.7,312,Normal
2026-04-16 11:16:02.428599,101,22.3,302,Normal
2026-04-16 11:17:02.428599,101,22.1,295,Normal
2026-04-16 11:18:02.428599,101,21.2,305,Normal
2026-04-16 11:19:02.428599,101,22.8,289,Normal
2026-04-16 11:20:02.428599,101,22.9,307,Normal
2026-04-16 11:21:02.428599,101,21.7,304,Normal
2026-04-16 11:22:02.428599,101,21.8,297,Normal
2026-04-16 11:23:02.428599,101,22.1,292,Normal
2026-04-16 11:24:02.428599,101,22.2,291,Normal
2026-04-16 11:25:02.428599,101,22.3,305,Normal
2026-04-16 11:26:02.428599,101,23.0,312,Normal
2026-04-16 11:27:02.428599,101,21.9,294,Normal
2026-04-16 11:28:02.428599,101,21.6,305,Normal
2026-04-16 11:29:02.428599,101,21.3,279,Normal
2026-04-16 11:30:02.428599,101,21.6,294,Normal
2026-04-16 11:31:02.428599,101,22.0,300,Normal
2026-04-16 11:32:02.428599,101,22.9,291,Normal
2026-04-16 11:33:02.428599,101,21.7,291,Normal
2026-04-16 11:34:02.428599,101,22.1,293,Normal
2026-04-16 11:35:02.428599,101,22.0,303,Normal
2026-04-16 11:36:02.428599,101,22.6,298,Normal
2026-04-16 11:37:02.428599,101,23.3,278,Normal
2026-04-16 11:38:02.428599,101,21.7,279,Normal
2026-04-16 11:39:02.428599,101,21.8,294,Normal
2026-04-16 11:40:02.428599,101,22.5,305,Normal
2026-04-16 11:41:02.428599,101,22.3,273,Normal
2026-04-16 11:42:02.428599,101,22.9,295,Normal
2026-04-16 11:43:02.428599,101,22.3,295,Normal
2026-04-16 11:44:02.428599,101,21.8,314,Normal
2026-04-16 11:45:02.428599,101,22.3,296,Normal
2026-04-16 11:46:02.428599,101,22.6,304,Normal
2026-04-16 11:47:02.428599,101,22.4,301,Normal
2026-04-16 11:48:02.428599,101,22.3,279,Normal
2026-04-16 11:49:02.428599,101,22.5,308,Normal
2026-04-16 11:50:02.428599,101,22.6,302,Normal
2026-04-16 11:51:02.428599,101,22.7,305,Normal
2026-04-16 11:52:02.428599,101,22.3,339,Normal
2026-04-16 11:53:02.428599,101,21.9,279,Normal
2026-04-16 11:54:02.428599,101,22.1,317,Normal
2026-04-16 11:55:02.428599,101,22.6,297,Normal
2026-04-16 11:56:02.428599,101,21.6,303,Normal
2026-04-16 11:57:02.428599,101,22.2,300,Normal
2026-04-16 11:58:02.428599,101,21.8,296,Normal
2026-04-16 11:59:02.428599,101,22.0,294,Normal
2026-04-16 12:00:02.428599,101,22.6,303,Normal
2026-04-16 12:01:02.428599,101,22.1,285,Normal
2026-04-16 12:02:02.428599,101,22.0,308,Normal
2026-04-16 12:03:02.428599,101,21.3,296,Normal
2026-04-16 12:04:02.428599,101,22.4,289,Normal
2026-04-16 12:05:02.428599,101,22.3,295,Normal
2026-04-16 12:06:02.428599,101,23.1,313,Normal
2026-04-16 12:07:02.428599,101,21.8,295,Normal
2026-04-16 12:08:02.428599,101,22.1,304,Normal
2026-04-16 12:09:02.428599,101,22.1,293,Normal
2026-04-16 12:10:02.428599,101,22.8,308,Normal
2026-04-16 12:11:02.428599,101,22.0,307,Normal
2026-04-16 12:12:02.428599,101,22.1,318,Normal
2026-04-16 12:13:02.428599,101,22.3,298,Normal
2026-04-16 12:14:02.428599,101,22.1,307,Normal
2026-04-16 12:15:02.428599,101,21.8,301,Normal
2026-04-16 12:16:02.428599,101,22.1,313,Normal
2026-04-16 12:17:02.428599,101,22.5,293,Normal
2026-04-16 12:18:02.428599,101,21.5,307,Normal
2026-04-16 12:19:02.428599,101,22.1,298,Normal
2026-04-16 12:20:02.428599,101,21.6,299,Normal
2026-04-16 12:21:02.428599,101,22.6,301,Normal
2026-04-16 12:22:02.428599,101,21.2,303,Normal
2026-04-16 12:23:02.428599,101,21.7,299,Normal
2026-04-16 12:24:02.428599,101,22.2,302,Normal
2026-04-16 12:25:02.428599,101,22.8,316,Normal
2026-04-16 12:26:02.428599,101,22.0,310,Normal
2026-04-16 12:27:02.428599,101,21.7,309,Normal
2026-04-16 12:28:02.428599,101,22.9,295,Normal
2026-04-16 12:29:02.428599,101,21.3,291,Normal
2026-04-16 12:30:02.428599,101,20.9,310,Normal
2026-04-16 12:31:02.428599,101,22.2,309,Normal
2026-04-16 12:32:02.428599,101,21.7,315,Normal
2026-04-16 12:33:02.428599,101,21.5,294,Normal
2026-04-16 12:34:02.428599,101,22.4,298,Normal
2026-04-16 12:35:02.428599,101,22.1,284,Normal
2026-04-16 12:36:02.428599,101,21.7,296,Normal
2026-04-16 12:37:02.428599,101,21.4,310,Normal
2026-04-16 12:38:02.428599,101,22.4,295,Normal
2026-04-16 12:39:02.428599,101,22.3,306,Normal
2026-04-16 12:40:02.428599,101,22.0,298,Normal
2026-04-16 12:41:02.428599,101,22.9,303,Normal
2026-04-16 12:42:02.428599,101,21.5,289,Normal
2026-04-16 12:43:02.428599,101,21.2,301,Normal
2026-04-16 12:44:02.428599,101,21.7,270,Normal
2026-04-16 12:45:02.428599,101,22.0,298,Normal
2026-04-16 12:46:02.428599,101,22.1,284,Normal
2026-04-16 12:47:02.428599,101,21.9,312,Normal
2026-04-16 12:48:02.428599,101,22.2,308,Normal
2026-04-16 12:49:02.428599,101,21.4,305,Normal
2026-04-16 12:50:02.428599,101,22.7,315,Normal
2026-04-16 12:51:02.428599,101,22.0,291,Normal
2026-04-16 12:52:02.428599,101,22.6,317,Normal
2026-04-16 12:53:02.428599,101,22.2,309,Normal
2026-04-16 12:54:02.428599,101,22.2,298,Normal
2026-04-16 12:55:02.428599,101,22.3,311,Normal
2026-04-16 12:56:02.428599,101,22.2,289,Normal
2026-04-16 12:57:02.428599,101,22.3,292,Normal
2026-04-16 12:58:02.428599,101,22.7,294,Normal
2026-04-16 12:59:02.428599,101,22.1,295,Normal
2026-04-16 13:00:02.428599,101,22.4,289,Normal
2026-04-16 13:01:02.428599,101,22.0,312,Normal
2026-04-16 13:02:02.428599,101,22.7,297,Normal
2026-04-16 13:03:02.428599,101,21.7,304,Normal
2026-04-16 13:04:02.428599,101,22.9,294,Normal
2026-04-16 13:05:02.428599,101,22.0,282,Normal
2026-04-16 13:06:02.428599,101,21.3,303,Normal
2026-04-16 13:07:02.428599,101,22.1,281,Normal
2026-04-16 13:08:02.428599,101,21.7,299,Normal
2026-04-16 13:09:02.428599,101,22.4,286,Normal
2026-04-16 13:10:02.428599,101,21.7,320,Normal
2026-04-16 13:11:02.428599,101,21.8,309,Normal
2026-04-16 13:12:02.428599,101,21.1,301,Normal
2026-04-16 13:13:02.428599,101,21.8,313,Normal
2026-04-16 13:14:02.428599,101,20.8,292,Normal
2026-04-16 13:15:02.428599,101,21.2,305,Normal
2026-04-16 13:16:02.428599,101,22.4,302,Normal
2026-04-16 13:17:02.428599,101,22.4,303,Normal
2026-04-16 13:18:02.428599,101,22.2,313,Normal
2026-04-16 13:19:02.428599,101,21.5,307,Normal
2026-04-16 13:20:02.428599,101,22.0,303,Normal
2026-04-16 13:21:02.428599,101,22.0,283,Normal
2026-04-16 13:22:02.428599,101,21.4,290,Normal
2026-04-16 13:23:02.428599,101,22.8,299,Normal
2026-04-16 13:24:02.428599,101,22.4,301,Normal
2026-04-16 13:25:02.428599,101,21.9,289,Normal
2026-04-16 13:26:02.428599,101,22.0,324,Normal
2026-04-16 13:27:02.428599,101,22.1,315,Normal
2026-04-16 13:28:02.428599,101,21.0,306,Normal
2026-04-16 13:29:02.428599,101,21.9,301,Normal
2026-04-16 13:30:02.428599,101,21.7,298,Normal
2026-04-16 13:31:02.428599,101,21.5,290,Normal
2026-04-16 13:32:02.428599,101,21.9,301,Normal
2026-04-16 13:33:02.428599,101,22.9,303,Normal
2026-04-16 13:34:02.428599,101,22.3,288,Normal
2026-04-16 13:35:02.428599,101,21.7,303,Normal
2026-04-16 13:36:02.428599,101,22.3,298,Normal
2026-04-16 13:37:02.428599,101,22.7,281,Normal
2026-04-16 13:38:02.428599,101,22.5,291,Normal
2026-04-16 13:39:02.428599,101,22.0,296,Normal
2026-04-16 13:40:02.428599,101,21.7,319,Normal
2026-04-16 13:41:02.428599,101,22.3,306,Normal
2026-04-16 13:42:02.428599,101,22.2,287,Normal
2026-04-16 13:43:02.428599,101,22.4,305,Normal
2026-04-16 13:44:02.428599,101,22.3,285,Normal
2026-04-16 13:45:02.428599,101,22.5,311,Normal
2026-04-16 13:46:02.428599,101,21.7,295,Normal
2026-04-16 13:47:02.428599,101,22.7,299,Normal
2026-04-16 13:48:02.428599,101,22.1,313,Normal
2026-04-16 13:49:02.428599,101,23.0,287,Normal
2026-04-16 13:50:02.428599,101,21.7,286,Normal
2026-04-16 13:51:02.428599,101,22.9,294,Normal
2026-04-16 13:52:02.428599,101,22.1,310,Normal
2026-04-16 13:53:02.428599,101,21.7,285,Normal
2026-04-16 13:54:02.428599,101,21.8,272,Normal
2026-04-16 13:55:02.428599,101,21.8,295,Normal
2026-04-16 13:56:02.428599,101,22.2,306,Normal
2026-04-16 13:57:02.428599,101,22.3,312,Normal
2026-04-16 13:58:02.428599,101,21.7,295,Normal
2026-04-16 13:59:02.428599,101,22.0,296,Normal
2026-04-16 14:00:02.428599,101,23.1,312,Normal
2026-04-16 14:01:02.428599,101,22.9,281,Normal
2026-04-16 14:02:02.428599,101,22.2,296,Normal
2026-04-16 14:03:02.428599,101,22.0,302,Normal
2026-04-16 14:04:02.428599,101,22.1,304,Normal
2026-04-16 14:05:02.428599,101,22.3,295,Normal
2026-04-16 14:06:02.428599,101,21.5,300,Normal
2026-04-16 14:07:02.428599,101,21.9,275,Normal
2026-04-16 14:08:02.428599,101,21.2,293,Normal
2026-04-16 14:09:02.428599,101,22.2,305,Normal
2026-04-16 14:10:02.428599,101,22.3,290,Normal
2026-04-16 14:11:02.428599,101,21.8,301,Normal
2026-04-16 14:12:02.428599,101,22.8,304,Normal
2026-04-16 14:13:02.428599,101,21.4,297,Normal
2026-04-16 14:14:02.428599,101,21.3,302,Normal
2026-04-16 14:15:02.428599,101,22.1,290,Normal
2026-04-16 14:16:02.428599,101,22.5,298,Normal
2026-04-16 14:17:02.428599,101,22.8,306,Normal
2026-04-16 14:18:02.428599,101,21.8,302,Normal
2026-04-16 14:19:02.428599,101,22.5,294,Normal
2026-04-16 14:20:02.428599,101,22.0,302,Normal
2026-04-16 14:21:02.428599,101,21.9,307,Normal
2026-04-16 14:22:02.428599,101,22.4,280,Normal
2026-04-16 14:23:02.428599,101,22.3,312,Normal
2026-04-16 14:24:02.428599,101,21.2,297,Normal
2026-04-16 14:25:02.428599,101,22.7,304,Normal
2026-04-16 14:26:02.428599,101,22.7,312,Normal
2026-04-16 14:27:02.428599,101,21.7,286,Normal
2026-04-16 14:28:02.428599,101,22.2,293,Normal
2026-04-16 14:29:02.428599,101,22.2,297,Normal
2026-04-16 14:30:02.428599,101,22.1,292,Normal
2026-04-16 14:31:02.428599,101,21.7,317,Normal
2026-04-16 14:32:02.428599,101,21.7,291,Normal
2026-04-16 14:33:02.428599,101,22.0,294,Normal
2026-04-16 14:34:02.428599,101,22.6,302,Normal
2026-04-16 14:35:02.428599,101,22.3,288,Normal
2026-04-16 14:36:02.428599,101,21.8,296,Normal
2026-04-16 14:37:02.428599,101,22.4,303,Normal
2026-04-16 14:38:02.428599,101,20.6,297,Normal
2026-04-16 14:39:02.428599,101,22.6,299,Normal
2026-04-16 14:40:02.428599,101,21.1,295,Normal
2026-04-16 14:41:02.428599,101,21.8,285,Normal
2026-04-16 14:42:02.428599,101,21.4,303,Normal
2026-04-16 14:43:02.428599,101,21.4,318,Normal
2026-04-16 14:44:02.428599,101,22.6,300,Normal
2026-04-16 14:45:02.428599,101,21.8,302,Normal
2026-04-16 14:46:02.428599,101,22.2,307,Normal
2026-04-16 14:47:02.428599,101,22.0,287,Normal
2026-04-16 14:48:02.428599,101,22.2,317,Normal
2026-04-16 14:49:02.428599,101,22.0,302,Normal
2026-04-16 14:50:02.428599,101,21.4,316,Normal
2026-04-16 14:51:02.428599,101,22.5,293,Normal
2026-04-16 14:52:02.428599,101,21.8,318,Normal
2026-04-16 14:53:02.428599,101,21.2,308,Normal
2026-04-16 14:54:02.428599,101,21.8,306,Normal
2026-04-16 14:55:02.428599,101,22.8,302,Normal
2026-04-16 14:56:02.428599,101,22.4,298,Normal
2026-04-16 14:57:02.428599,101,21.8,312,Normal
2026-04-16 14:58:02.428599,101,21.8,301,Normal
2026-04-16 14:59:02.428599,101,21.8,280,Normal
2026-04-16 15:00:02.428599,101,23.0,289,Normal
2026-04-16 15:01:02.428599,101,22.2,298,Normal
2026-04-16 15:02:02.428599,101,22.2,303,Normal
2026-04-16 15:03:02.428599,101,22.5,299,Normal
2026-04-16 15:04:02.428599,101,22.1,312,Normal
2026-04-16 15:05:02.428599,101,21.9,280,Normal
2026-04-16 15:06:02.428599,101,21.9,301,Normal
2026-04-16 15:07:02.428599,101,22.0,282,Normal
2026-04-16 15:08:02.428599,101,22.0,308,Normal
2026-04-16 15:09:02.428599,101,22.4,299,Normal
2026-04-16 15:10:02.428599,101,22.0,304,Normal
2026-04-16 15:11:02.428599,101,22.4,291,Normal
2026-04-16 15:12:02.428599,101,22.0,313,Normal
2026-04-16 15:13:02.428599,101,22.0,310,Normal
2026-04-16 15:14:02.428599,101,21.0,306,Normal
2026-04-16 15:15:02.428599,101,22.5,299,Normal
2026-04-16 15:16:02.428599,101,22.2,306,Normal
2026-04-16 15:17:02.428599,101,22.5,293,Normal
2026-04-16 15:18:02.428599,101,20.6,309,Normal
2026-04-16 15:19:02.428599,101,23.0,316,Normal
2026-04-16 15:20:02.428599,101,21.9,311,Normal
2026-04-16 15:21:02.428599,101,22.6,293,Normal
2026-04-16 15:22:02.428599,101,21.5,304,Normal
2026-04-16 15:23:02.428599,101,22.3,287,Normal
2026-04-16 15:24:02.428599,101,21.5,306,Normal
2026-04-16 15:25:02.428599,101,21.7,305,Normal
2026-04-16 15:26:02.428599,101,23.0,281,Normal
2026-04-16 15:27:02.428599,101,21.9,288,Normal
2026-04-16 15:28:02.428599,101,22.1,297,Normal
2026-04-16 15:29:02.428599,101,22.4,297,Normal
2026-04-16 15:30:02.428599,101,22.2,288,Normal
2026-04-16 15:31:02.428599,101,22.1,304,Normal
2026-04-16 15:32:02.428599,101,22.2,303,Normal
2026-04-16 15:33:02.428599,101,23.2,298,Normal
2026-04-16 15:34:02.428599,101,22.0,292,Normal
2026-04-16 15:35:02.428599,101,22.1,310,Normal
2026-04-16 15:36:02.428599,101,22.5,317,Normal
2026-04-16 15:37:02.428599,101,22.6,295,Normal
2026-04-16 15:38:02.428599,101,22.6,294,Normal
2026-04-16 15:39:02.428599,101,22.3,305,Normal
2026-04-16 15:40:02.428599,101,21.4,296,Normal
2026-04-16 15:41:02.428599,101,22.8,299,Normal
2026-04-16 15:42:02.428599,101,21.4,307,Normal
2026-04-16 15:43:02.428599,101,22.2,281,Normal
2026-04-16 15:44:02.428599,101,21.6,313,Normal
2026-04-16 15:45:02.428599,101,22.0,301,Normal
2026-04-16 15:46:02.428599,101,22.2,296,Normal
2026-04-16 15:47:02.428599,101,22.2,299,Normal
2026-04-16 15:48:02.428599,101,22.2,300,Normal
2026-04-16 15:49:02.428599,101,22.8,283,Normal
2026-04-16 15:50:02.428599,101,22.2,315,Normal
2026-04-16 15:51:02.428599,101,21.9,300,Normal
2026-04-16 15:52:02.428599,101,22.5,304,Normal
2026-04-16 15:53:02.428599,101,22.6,310,Normal
2026-04-16 15:54:02.428599,101,21.4,290,Normal
2026-04-16 15:55:02.428599,101,22.3,305,Normal
2026-04-16 15:56:02.428599,101,22.4,297,Normal
2026-04-16 15:57:02.428599,101,21.9,308,Normal
2026-04-16 15:58:02.428599,101,22.7,279,Normal
2026-04-16 15:59:02.428599,101,21.9,299,Normal
2026-04-16 16:00:02.428599,101,22.1,294,Normal
2026-04-16 16:01:02.428599,101,21.9,304,Normal
2026-04-16 16:02:02.428599,101,22.0,305,Normal
2026-04-16 16:03:02.428599,101,21.5,293,Normal
2026-04-16 16:04:02.428599,101,21.3,293,Normal
2026-04-16 16:05:02.428599,101,22.8,299,Normal
2026-04-16 16:06:02.428599,101,21.6,291,Normal
2026-04-16 16:07:02.428599,101,21.5,308,Normal
2026-04-16 16:08:02.428599,101,20.9,296,Normal
2026-04-16 16:09:02.428599,101,21.7,271,Normal
2026-04-16 16:10:02.428599,101,21.3,296,Normal
2026-04-16 16:11:02.428599,101,22.8,290,Normal
2026-04-16 16:12:02.428599,101,22.5,284,Normal
2026-04-16 16:13:02.428599,101,21.7,288,Normal
2026-04-16 16:14:02.428599,101,23.1,301,Normal
2026-04-16 16:15:02.428599,101,22.5,313,Normal
2026-04-16 16:16:02.428599,101,21.8,303,Normal
2026-04-16 16:17:02.428599,101,20.8,294,Normal
2026-04-16 16:18:02.428599,101,23.1,305,Normal
2026-04-16 16:19:02.428599,101,21.3,295,Normal
2026-04-16 16:20:02.428599,101,21.2,293,Normal
2026-04-16 16:21:02.428599,101,22.5,288,Normal
2026-04-16 16:22:02.428599,101,23.2,282,Normal
2026-04-16 16:23:02.428599,101,22.7,296,Normal
2026-04-16 16:24:02.428599,101,22.3,302,Normal
2026-04-16 16:25:02.428599,101,22.3,299,Normal
2026-04-16 16:26:02.428599,101,22.4,296,Normal
2026-04-16 16:27:02.428599,101,22.4,291,Normal
2026-04-16 16:28:02.428599,101,22.1,306,Normal
2026-04-16 16:29:02.428599,101,22.1,287,Normal
2026-04-16 16:30:02.428599,101,22.0,308,Normal
2026-04-16 16:31:02.428599,101,21.6,290,Normal
2026-04-16 16:32:02.428599,101,21.9,292,Normal
2026-04-16 16:33:02.428599,101,21.2,285,Normal
2026-04-16 16:34:02.428599,101,22.0,295,Normal
2026-04-16 16:35:02.428599,101,21.5,310,Normal
2026-04-16 16:36:02.428599,101,21.4,305,Normal
2026-04-16 16:37:02.428599,101,22.1,310,Normal
2026-04-16 16:38:02.428599,101,22.7,305,Normal
2026-04-16 16:39:02.428599,101,22.5,289,Normal
2026-04-16 16:40:02.428599,101,21.2,297,Normal
2026-04-16 16:41:02.428599,101,21.5,292,Normal
2026-04-16 16:42:02.428599,101,22.5,313,Normal
2026-04-16 16:43:02.428599,101,21.5,288,Normal
2026-04-16 16:44:02.428599,101,21.9,309,Normal
2026-04-16 16:45:02.428599,101,22.3,309,Normal
2026-04-16 16:46:02.428599,101,21.5,318,Normal
2026-04-16 16:47:02.428599,101,22.1,296,Normal
2026-04-16 16:48:02.428599,101,21.3,307,Normal
2026-04-16 16:49:02.428599,101,21.7,323,Normal
2026-04-16 16:50:02.428599,101,22.2,294,Normal
2026-04-16 16:51:02.428599,101,21.2,285,Normal
2026-04-16 16:52:02.428599,101,22.2,281,Normal
2026-04-16 16:53:02.428599,101,22.0,307,Normal
2026-04-16 16:54:02.428599,101,22.3,281,Normal
2026-04-16 16:55:02.428599,101,22.1,296,Normal
2026-04-16 16:56:02.428599,101,22.7,304,Normal
2026-04-16 16:57:02.428599,101,32.2,1037,Incendie
2026-04-16 16:58:02.428599,101,36.6,876,Incendie
2026-04-16 16:59:02.428599,101,34.4,923,Incendie
2026-04-16 17:00:02.428599,101,34.5,919,Incendie
2026-04-16 17:01:02.428599,101,36.6,1014,Incendie
2026-04-16 17:02:02.428599,101,32.2,984,Incendie
2026-04-16 17:03:02.428599,101,29.3,904,Incendie
2026-04-16 17:04:02.428599,101,36.9,918,Incendie
2026-04-16 17:05:02.428599,101,34.6,971,Incendie
2026-04-16 17:06:02.428599,101,33.6,949,Incendie
2026-04-16 17:07:02.428599,101,36.5,958,Incendie
2026-04-16 17:08:02.428599,101,35.6,885,Incendie
2026-04-16 17:09:02.428599,101,34.2,987,Incendie
2026-04-16 17:10:02.428599,101,40.6,978,Incendie
2026-04-16 17:11:02.428599,101,35.8,946,Incendie
2026-04-16 17:12:02.428599,101,22.6,318,Normal
2026-04-16 17:13:02.428599,101,21.7,283,Normal
2026-04-16 17:14:02.428599,101,22.1,295,Normal
2026-04-16 17:15:02.428599,101,21.6,293,Normal
2026-04-16 17:16:02.428599,101,23.1,307,Normal
2026-04-16 17:17:02.428599,101,21.4,289,Normal
2026-04-16 17:18:02.428599,101,22.2,308,Normal
2026-04-16 17:19:02.428599,101,22.3,314,Normal
2026-04-16 17:20:02.428599,101,22.2,307,Normal
2026-04-16 17:21:02.428599,101,21.9,303,Normal
2026-04-16 17:22:02.428599,101,21.9,290,Normal
2026-04-16 17:23:02.428599,101,22.0,292,Normal
2026-04-16 17:24:02.428599,101,21.9,312,Normal
2026-04-16 17:25:02.428599,101,22.5,308,Normal
2026-04-16 17:26:02.428599,101,23.1,300,Normal
2026-04-16 17:27:02.428599,101,21.7,296,Normal
2026-04-16 17:28:02.428599,101,21.3,280,Normal
2026-04-16 17:29:02.428599,101,22.0,289,Normal
2026-04-16 17:30:02.428599,101,23.3,319,Normal
2026-04-16 17:31:02.428599,101,21.6,287,Normal
2026-04-16 17:32:02.428599,101,22.8,302,Normal
2026-04-16 17:33:02.428599,101,22.8,310,Normal
2026-04-16 17:34:02.428599,101,21.7,287,Normal
2026-04-16 17:35:02.428599,101,22.3,302,Normal
2026-04-16 17:36:02.428599,101,22.8,309,Normal
2026-04-16 17:37:02.428599,101,21.8,300,Normal
2026-04-16 17:38:02.428599,101,21.9,329,Normal
2026-04-16 17:39:02.428599,101,21.7,283,Normal
2026-04-16 17:40:02.428599,101,21.5,311,Normal
2026-04-16 17:41:02.428599,101,21.7,298,Normal
2026-04-16 17:42:02.428599,101,21.4,308,Normal
2026-04-16 17:43:02.428599,101,22.0,304,Normal
2026-04-16 17:44:02.428599,101,21.6,293,Normal
2026-04-16 17:45:02.428599,101,22.1,302,Normal
2026-04-16 17:46:02.428599,101,21.2,281,Normal
2026-04-16 17:47:02.428599,101,22.2,306,Normal
2026-04-16 17:48:02.428599,101,22.4,303,Normal
2026-04-16 17:49:02.428599,101,21.0,306,Normal
2026-04-16 17:50:02.428599,101,22.2,311,Normal
2026-04-16 17:51:02.428599,101,22.6,304,Normal
2026-04-16 17:52:02.428599,101,21.4,301,Normal
2026-04-16 17:53:02.428599,101,22.8,291,Normal
2026-04-16 17:54:02.428599,101,22.2,293,Normal
2026-04-16 17:55:02.428599,101,21.6,312,Normal
2026-04-16 17:56:02.428599,101,22.0,314,Normal
2026-04-16 17:57:02.428599,101,22.3,298,Normal
2026-04-16 17:58:02.428599,101,22.0,300,Normal
2026-04-16 17:59:02.428599,101,22.3,291,Normal
2026-04-16 18:00:02.428599,101,21.5,312,Normal
2026-04-16 18:01:02.428599,101,22.1,307,Normal
2026-04-16 18:02:02.428599,101,21.3,319,Normal
2026-04-16 18:03:02.428599,101,21.9,291,Normal
2026-04-16 18:04:02.428599,101,21.5,296,Normal
2026-04-16 18:05:02.428599,101,21.6,302,Normal
2026-04-16 18:06:02.428599,101,22.6,306,Normal
2026-04-16 18:07:02.428599,101,22.5,298,Normal
2026-04-16 18:08:02.428599,101,22.3,291,Normal
2026-04-16 18:09:02.428599,101,21.5,309,Normal
2026-04-16 18:10:02.428599,101,21.8,307,Normal
2026-04-16 18:11:02.428599,101,22.6,291,Normal
2026-04-16 18:12:02.428599,101,22.1,314,Normal
2026-04-16 18:13:02.428599,101,23.2,312,Normal
2026-04-16 18:14:02.428599,101,22.2,301,Normal
2026-04-16 18:15:02.428599,101,22.1,301,Normal
2026-04-16 18:16:02.428599,101,21.8,306,Normal
2026-04-16 18:17:02.428599,101,22.1,291,Normal
2026-04-16 18:18:02.428599,101,21.9,300,Normal
2026-04-16 18:19:02.428599,101,22.4,278,Normal
2026-04-16 18:20:02.428599,101,22.5,309,Normal
2026-04-16 18:21:02.428599,101,21.6,284,Normal
2026-04-16 18:22:02.428599,101,21.3,315,Normal
2026-04-16 18:23:02.428599,101,21.1,297,Normal
2026-04-16 18:24:02.428599,101,22.3,298,Normal
2026-04-16 18:25:02.428599,101,21.4,294,Normal
2026-04-16 18:26:02.428599,101,20.9,297,Normal
2026-04-16 18:27:02.428599,101,22.2,314,Normal
2026-04-16 18:28:02.428599,101,23.2,275,Normal
2026-04-16 18:29:02.428599,101,22.0,313,Normal
2026-04-16 18:30:02.428599,101,22.4,303,Normal
2026-04-16 18:31:02.428599,101,22.0,288,Normal
2026-04-16 18:32:02.428599,101,22.0,289,Normal
2026-04-16 18:33:02.428599,101,22.5,317,Normal
2026-04-16 18:34:02.428599,101,21.9,291,Normal
2026-04-16 18:35:02.428599,101,22.1,288,Normal
2026-04-16 18:36:02.428599,101,22.2,311,Normal
2026-04-16 18:37:02.428599,101,21.7,303,Normal
2026-04-16 18:38:02.428599,101,22.5,291,Normal
2026-04-16 18:39:02.428599,101,21.9,302,Normal
2026-04-16 18:40:02.428599,101,21.6,290,Normal
2026-04-16 18:41:02.428599,101,22.3,311,Normal
2026-04-16 18:42:02.428599,101,21.6,311,Normal
2026-04-16 18:43:02.428599,101,22.0,305,Normal
2026-04-16 18:44:02.428599,101,22.0,304,Normal
2026-04-16 18:45:02.428599,101,22.5,318,Normal
2026-04-16 18:46:02.428599,101,22.2,300,Normal
2026-04-16 18:47:02.428599,101,22.0,288,Normal
2026-04-16 18:48:02.428599,101,22.4,304,Normal
2026-04-16 18:49:02.428599,101,22.7,321,Normal
2026-04-16 18:50:02.428599,101,22.3,290,Normal
2026-04-16 18:51:02.428599,101,22.0,296,Normal
2026-04-16 18:52:02.428599,101,21.3,304,Normal
2026-04-16 18:53:02.428599,101,21.5,299,Normal
2026-04-16 18:54:02.428599,101,21.8,290,Normal
2026-04-16 18:55:02.428599,101,21.7,311,Normal
2026-04-16 18:56:02.428599,101,21.9,323,Normal
2026-04-16 18:57:02.428599,101,22.0,302,Normal
2026-04-16 18:58:02.428599,101,22.3,291,Normal
2026-04-16 18:59:02.428599,101,22.0,285,Normal
2026-04-16 19:00:02.428599,101,22.2,303,Normal
2026-04-16 19:01:02.428599,101,22.0,311,Normal
2026-04-16 19:02:02.428599,101,21.0,305,Normal
2026-04-16 19:03:02.428599,101,21.5,300,Normal
2026-04-16 19:04:02.428599,101,21.9,294,Normal
2026-04-16 19:05:02.428599,101,21.4,289,Normal
2026-04-16 19:06:02.428599,101,22.3,308,Normal
2026-04-16 19:07:02.428599,101,22.8,309,Normal
2026-04-16 19:08:02.428599,101,22.6,285,Normal
2026-04-16 19:09:02.428599,101,21.9,316,Normal
2026-04-16 19:10:02.428599,101,22.7,306,Normal
2026-04-16 19:11:02.428599,101,22.1,314,Normal
2026-04-16 19:12:02.428599,101,21.8,287,Normal
2026-04-16 19:13:02.428599,101,21.7,286,Normal
2026-04-16 19:14:02.428599,101,21.8,299,Normal
2026-04-16 19:15:02.428599,101,21.8,305,Normal
2026-04-16 19:16:02.428599,101,22.1,318,Normal
2026-04-16 19:17:02.428599,101,22.1,307,Normal
2026-04-16 19:18:02.428599,101,22.0,298,Normal
2026-04-16 19:19:02.428599,101,22.2,290,Normal
2026-04-16 19:20:02.428599,101,22.6,312,Normal
2026-04-16 19:21:02.428599,101,22.5,290,Normal
2026-04-16 19:22:02.428599,101,21.3,316,Normal
2026-04-16 19:23:02.428599,101,20.7,297,Normal
2026-04-16 19:24:02.428599,101,22.5,316,Normal
2026-04-16 19:25:02.428599,101,21.3,307,Normal
2026-04-16 19:26:02.428599,101,21.9,299,Normal
2026-04-16 19:27:02.428599,101,21.4,295,Normal
2026-04-16 19:28:02.428599,101,21.1,297,Normal
2026-04-16 19:29:02.428599,101,22.3,304,Normal
2026-04-16 19:30:02.428599,101,22.4,301,Normal
2026-04-16 19:31:02.428599,101,21.7,294,Normal
2026-04-16 19:32:02.428599,101,20.7,298,Normal
2026-04-16 19:33:02.428599,101,21.7,301,Normal
2026-04-16 19:34:02.428599,101,22.2,279,Normal
2026-04-16 19:35:02.428599,101,21.3,305,Normal
2026-04-16 19:36:02.428599,101,22.1,290,Normal
2026-04-16 19:37:02.428599,101,22.0,288,Normal
2026-04-16 19:38:02.428599,101,22.3,283,Normal
2026-04-16 19:39:02.428599,101,22.1,282,Normal
2026-04-16 19:40:02.428599,101,21.5,286,Normal
2026-04-16 19:41:02.428599,101,22.6,293,Normal
2026-04-16 19:42:02.428599,101,21.9,320,Normal
2026-04-16 19:43:02.428599,101,22.0,295,Normal
2026-04-16 19:44:02.428599,101,21.5,302,Normal
2026-04-16 19:45:02.428599,101,21.8,304,Normal
2026-04-16 19:46:02.428599,101,21.6,301,Normal
2026-04-16 19:47:02.428599,101,21.9,299,Normal
2026-04-16 19:48:02.428599,101,22.9,288,Normal
2026-04-16 19:49:02.428599,101,21.3,315,Normal
2026-04-16 19:50:02.428599,101,21.2,318,Normal
2026-04-16 19:51:02.428599,101,22.7,283,Normal
2026-04-16 19:52:02.428599,101,21.9,290,Normal
2026-04-16 19:53:02.428599,101,21.7,297,Normal
2026-04-16 19:54:02.428599,101,22.5,290,Normal
2026-04-16 19:55:02.428599,101,21.7,305,Normal
2026-04-16 19:56:02.428599,101,22.9,293,Normal
2026-04-16 19:57:02.428599,101,22.3,322,Normal
2026-04-16 19:58:02.428599,101,21.8,312,Normal
2026-04-16 19:59:02.428599,101,23.1,302,Normal
2026-04-16 20:00:02.428599,101,21.7,310,Normal
2026-04-16 20:01:02.428599,101,22.4,311,Normal
2026-04-16 20:02:02.428599,101,22.1,294,Normal
2026-04-16 20:03:02.428599,101,22.7,292,Normal
2026-04-16 20:04:02.428599,101,22.8,301,Normal
2026-04-16 20:05:02.428599,101,22.0,309,Normal
2026-04-16 20:06:02.428599,101,21.6,301,Normal
2026-04-16 20:07:02.428599,101,22.2,284,Normal
2026-04-16 20:08:02.428599,101,21.7,292,Normal
2026-04-16 20:09:02.428599,101,23.0,299,Normal
2026-04-16 20:10:02.428599,101,22.1,299,Normal
2026-04-16 20:11:02.428599,101,21.8,320,Normal
2026-04-16 20:12:02.428599,101,22.1,286,Normal
2026-04-16 20:13:02.428599,101,21.3,305,Normal
2026-04-16 20:14:02.428599,101,21.5,315,Normal
2026-04-16 20:15:02.428599,101,22.6,323,Normal
2026-04-16 20:16:02.428599,101,21.7,296,Normal
2026-04-16 20:17:02.428599,101,21.5,305,Normal
2026-04-16 20:18:02.428599,101,22.3,306,Normal
2026-04-16 20:19:02.428599,101,22.6,302,Normal
2026-04-16 20:20:02.428599,101,22.4,299,Normal
2026-04-16 20:21:02.428599,101,22.5,304,Normal
2026-04-16 20:22:02.428599,101,21.6,275,Normal
2026-04-16 20:23:02.428599,101,21.3,307,Normal
2026-04-16 20:24:02.428599,101,22.8,301,Normal
2026-04-16 20:25:02.428599,101,21.8,298,Normal
2026-04-16 20:26:02.428599,101,21.9,320,Normal
2026-04-16 20:27:02.428599,101,22.7,293,Normal
2026-04-16 20:28:02.428599,101,22.3,296,Normal
2026-04-16 20:29:02.428599,101,22.2,320,Normal
2026-04-16 20:30:02.428599,101,23.1,292,Normal
2026-04-16 20:31:02.428599,101,21.7,294,Normal
2026-04-16 20:32:02.428599,101,22.5,299,Normal
2026-04-16 20:33:02.428599,101,22.0,308,Normal
2026-04-16 20:34:02.428599,101,22.1,302,Normal
2026-04-16 20:35:02.428599,101,22.8,287,Normal
2026-04-16 20:36:02.428599,101,22.3,295,Normal
2026-04-16 20:37:02.428599,101,22.3,294,Normal
2026-04-16 20:38:02.428599,101,22.5,299,Normal
2026-04-16 20:39:02.428599,101,21.8,304,Normal
2026-04-16 20:40:02.428599,101,21.6,304,Normal
2026-04-16 20:41:02.428599,101,21.5,282,Normal
2026-04-16 20:42:02.428599,101,21.0,311,Normal
2026-04-16 20:43:02.428599,101,23.0,303,Normal
2026-04-16 20:44:02.428599,101,21.4,314,Normal
2026-04-16 20:45:02.428599,101,21.9,304,Normal
2026-04-16 20:46:02.428599,101,21.9,311,Normal
2026-04-16 20:47:02.428599,101,22.2,305,Normal
2026-04-16 20:48:02.428599,101,22.4,313,Normal
2026-04-16 20:49:02.428599,101,22.4,305,Normal
2026-04-16 20:50:02.428599,101,21.7,299,Normal
2026-04-16 20:51:02.428599,101,21.9,323,Normal
2026-04-16 20:52:02.428599,101,22.1,309,Normal
2026-04-16 20:53:02.428599,101,21.9,306,Normal
2026-04-16 20:54:02.428599,101,22.8,287,Normal
2026-04-16 20:55:02.428599,101,22.2,287,Normal
2026-04-16 20:56:02.428599,101,22.4,303,Normal
2026-04-16 20:57:02.428599,101,22.3,301,Normal
2026-04-16 20:58:02.428599,101,22.6,294,Normal
2026-04-16 20:59:02.428599,101,22.1,301,Normal
2026-04-16 21:00:02.428599,101,21.4,316,Normal
2026-04-16 21:01:02.428599,101,22.2,307,Normal
2026-04-16 21:02:02.428599,101,21.7,289,Normal
2026-04-16 21:03:02.428599,101,21.7,299,Normal
2026-04-16 21:04:02.428599,101,22.3,292,Normal
2026-04-16 21:05:02.428599,101,22.6,296,Normal
2026-04-16 21:06:02.428599,101,22.0,296,Normal
2026-04-16 21:07:02.428599,101,22.2,295,Normal
2026-04-16 21:08:02.428599,101,22.9,287,Normal
2026-04-16 21:09:02.428599,101,22.1,299,Normal
2026-04-16 21:10:02.428599,101,23.3,294,Normal
2026-04-16 21:11:02.428599,101,22.3,271,Normal
2026-04-16 21:12:02.428599,101,21.1,321,Normal
2026-04-16 21:13:02.428599,101,22.4,311,Normal
2026-04-16 21:14:02.428599,101,22.2,296,Normal
2026-04-16 21:15:02.428599,101,22.6,300,Normal
2026-04-16 21:16:02.428599,101,22.3,288,Normal
2026-04-16 21:17:02.428599,101,21.9,317,Normal
2026-04-16 21:18:02.428599,101,21.4,319,Normal
2026-04-16 21:19:02.428599,101,21.9,302,Normal
2026-04-16 21:20:02.428599,101,21.6,310,Normal
2026-04-16 21:21:02.428599,101,21.7,302,Normal
2026-04-16 21:22:02.428599,101,22.3,287,Normal
2026-04-16 21:23:02.428599,101,22.8,296,Normal
2026-04-16 21:24:02.428599,101,22.2,301,Normal
2026-04-16 21:25:02.428599,101,21.4,295,Normal
2026-04-16 21:26:02.428599,101,22.2,298,Normal
2026-04-16 21:27:02.428599,101,22.6,299,Normal
2026-04-16 21:28:02.428599,101,21.7,299,Normal
2026-04-16 21:29:02.428599,101,21.9,301,Normal
2026-04-16 21:30:02.428599,101,22.0,289,Normal
2026-04-16 21:31:02.428599,101,21.6,293,Normal
2026-04-16 21:32:02.428599,101,22.3,287,Normal
2026-04-16 21:33:02.428599,101,21.9,310,Normal
2026-04-16 21:34:02.428599,101,22.2,279,Normal
2026-04-16 21:35:02.428599,101,21.6,312,Normal
2026-04-16 21:36:02.428599,101,21.8,314,Normal
2026-04-16 21:37:02.428599,101,22.4,297,Normal
2026-04-16 21:38:02.428599,101,21.8,274,Normal
2026-04-16 21:39:02.428599,101,22.9,296,Normal
2026-04-16 21:40:02.428599,101,21.8,299,Normal
2026-04-16 21:41:02.428599,101,22.1,290,Normal
2026-04-16 21:42:02.428599,101,22.5,295,Normal
2026-04-16 21:43:02.428599,101,21.3,315,Normal
2026-04-16 21:44:02.428599,101,21.1,307,Normal
2026-04-16 21:45:02.428599,101,21.2,291,Normal
2026-04-16 21:46:02.428599,101,22.6,284,Normal
2026-04-16 21:47:02.428599,101,21.7,297,Normal
2026-04-16 21:48:02.428599,101,23.3,298,Normal
2026-04-16 21:49:02.428599,101,21.7,305,Normal
2026-04-16 21:50:02.428599,101,22.1,295,Normal
2026-04-16 21:51:02.428599,101,22.8,305,Normal
2026-04-16 21:52:02.428599,101,23.0,319,Normal
2026-04-16 21:53:02.428599,101,23.0,308,Normal
2026-04-16 21:54:02.428599,101,22.6,300,Normal
2026-04-16 21:55:02.428599,101,22.5,298,Normal
2026-04-16 21:56:02.428599,101,22.3,296,Normal
2026-04-16 21:57:02.428599,101,22.4,312,Normal
2026-04-16 21:58:02.428599,101,21.7,294,Normal
2026-04-16 21:59:02.428599,101,21.6,300,Normal
2026-04-16 22:00:02.428599,101,22.0,301,Normal
2026-04-16 22:01:02.428599,101,21.9,295,Normal
2026-04-16 22:02:02.428599,101,21.8,286,Normal
2026-04-16 22:03:02.428599,101,22.3,303,Normal
2026-04-16 22:04:02.428599,101,22.5,299,Normal
2026-04-16 22:05:02.428599,101,22.0,305,Normal
2026-04-16 22:06:02.428599,101,22.7,295,Normal
2026-04-16 22:07:02.428599,101,21.4,312,Normal
2026-04-16 22:08:02.428599,101,21.9,291,Normal
2026-04-16 22:09:02.428599,101,21.6,317,Normal
2026-04-16 22:10:02.428599,101,21.1,283,Normal
2026-04-16 22:11:02.428599,101,22.0,304,Normal
2026-04-16 22:12:02.428599,101,21.9,305,Normal
2026-04-16 22:13:02.428599,101,22.8,292,Normal
2026-04-16 22:14:02.428599,101,22.3,304,Normal
2026-04-16 22:15:02.428599,101,21.5,313,Normal
2026-04-16 22:16:02.428599,101,22.9,278,Normal
2026-04-16 22:17:02.428599,101,22.6,305,Normal
2026-04-16 22:18:02.428599,101,22.3,275,Normal
2026-04-16 22:19:02.428599,101,21.9,290,Normal
2026-04-16 22:20:02.428599,101,21.5,316,Normal
2026-04-16 22:21:02.428599,101,21.8,294,Normal
2026-04-16 22:22:02.428599,101,22.5,288,Normal
2026-04-16 22:23:02.428599,101,22.9,298,Normal
2026-04-16 22:24:02.428599,101,22.8,321,Normal
2026-04-16 22:25:02.428599,101,21.8,282,Normal
2026-04-16 22:26:02.428599,101,21.4,289,Normal
2026-04-16 22:27:02.428599,101,22.1,315,Normal
2026-04-16 22:28:02.428599,101,21.1,319,Normal
2026-04-16 22:29:02.428599,101,22.2,299,Normal
2026-04-16 22:30:02.428599,101,21.9,288,Normal
2026-04-16 22:31:02.428599,101,21.8,321,Normal
2026-04-16 22:32:02.428599,101,21.2,316,Normal
2026-04-16 22:33:02.428599,101,22.3,307,Normal
2026-04-16 22:34:02.428599,101,21.7,292,Normal
2026-04-16 22:35:02.428599,101,21.4,300,Normal
2026-04-16 22:36:02.428599,101,20.6,298,Normal
2026-04-16 22:37:02.428599,101,22.0,303,Normal
2026-04-16 22:38:02.428599,101,22.9,315,Normal
2026-04-16 22:39:02.428599,101,22.8,309,Normal
2026-04-16 22:40:02.428599,101,21.8,289,Normal
2026-04-16 22:41:02.428599,101,21.7,314,Normal
2026-04-16 22:42:02.428599,101,22.2,303,Normal
2026-04-16 22:43:02.428599,101,21.5,307,Normal
2026-04-16 22:44:02.428599,101,22.2,315,Normal
2026-04-16 22:45:02.428599,101,22.4,289,Normal
2026-04-16 22:46:02.428599,101,22.6,300,Normal
2026-04-16 22:47:02.428599,101,21.9,295,Normal
2026-04-16 22:48:02.428599,101,21.9,284,Normal
2026-04-16 22:49:02.428599,101,21.6,303,Normal
2026-04-16 22:50:02.428599,101,21.6,325,Normal
2026-04-16 22:51:02.428599,101,21.9,282,Normal
2026-04-16 22:52:02.428599,101,22.2,300,Normal
2026-04-16 22:53:02.428599,101,22.5,306,Normal
2026-04-16 22:54:02.428599,101,21.6,301,Normal
2026-04-16 22:55:02.428599,101,22.7,299,Normal
2026-04-16 22:56:02.428599,101,21.9,287,Normal
2026-04-16 22:57:02.428599,101,22.0,302,Normal
2026-04-16 22:58:02.428599,101,21.6,292,Normal
2026-04-16 22:59:02.428599,101,20.8,278,Normal
2026-04-16 23:00:02.428599,101,22.4,312,Normal
2026-04-16 23:01:02.428599,101,22.4,310,Normal
2026-04-16 23:02:02.428599,101,21.9,301,Normal
2026-04-16 23:03:02.428599,101,22.0,302,Normal
2026-04-16 23:04:02.428599,101,22.3,311,Normal
2026-04-16 23:05:02.428599,101,21.2,302,Normal
2026-04-16 23:06:02.428599,101,21.7,309,Normal
2026-04-16 23:07:02.428599,101,22.4,297,Normal
2026-04-16 23:08:02.428599,101,21.4,313,Normal
2026-04-16 23:09:02.428599,101,22.1,303,Normal
2026-04-16 23:10:02.428599,101,21.3,302,Normal
2026-04-16 23:11:02.428599,101,22.2,287,Normal
2026-04-16 23:12:02.428599,101,22.0,303,Normal
2026-04-16 23:13:02.428599,101,21.2,292,Normal
2026-04-16 23:14:02.428599,101,22.6,294,Normal
2026-04-16 23:15:02.428599,101,21.6,292,Normal
2026-04-16 23:16:02.428599,101,21.6,289,Normal
2026-04-16 23:17:02.428599,101,22.1,321,Normal
2026-04-16 23:18:02.428599,101,22.6,313,Normal
2026-04-16 23:19:02.428599,101,21.5,319,Normal
2026-04-16 23:20:02.428599,101,22.0,288,Normal
2026-04-16 23:21:02.428599,101,22.2,301,Normal
2026-04-16 23:22:02.428599,101,22.3,287,Normal
2026-04-16 23:23:02.428599,101,22.1,293,Normal
2026-04-16 23:24:02.428599,101,21.8,291,Normal
2026-04-16 23:25:02.428599,101,21.6,312,Normal
2026-04-16 23:26:02.428599,101,22.0,296,Normal
2026-04-16 23:27:02.428599,101,21.5,311,Normal
2026-04-16 23:28:02.428599,101,20.5,306,Normal
2026-04-16 23:29:02.428599,101,22.2,323,Normal
2026-04-16 23:30:02.428599,101,22.5,285,Normal
2026-04-16 23:31:02.428599,101,20.8,313,Normal
2026-04-16 23:32:02.428599,101,21.5,311,Normal
2026-04-16 23:33:02.428599,101,22.3,290,Normal
2026-04-16 23:34:02.428599,101,23.0,310,Normal
2026-04-16 23:35:02.428599,101,22.0,303,Normal
2026-04-16 23:36:02.428599,101,21.6,298,Normal
2026-04-16 23:37:02.428599,101,21.9,292,Normal
2026-04-16 23:38:02.428599,101,22.7,293,Normal
2026-04-16 23:39:02.428599,101,21.7,320,Normal
2026-04-16 23:40:02.428599,101,21.6,300,Normal
2026-04-16 23:41:02.428599,101,21.8,308,Normal
2026-04-16 23:42:02.428599,101,21.5,292,Normal
2026-04-16 23:43:02.428599,101,22.1,292,Normal
2026-04-16 23:44:02.428599,101,22.8,311,Normal
2026-04-16 23:45:02.428599,101,22.2,287,Normal
2026-04-16 23:46:02.428599,101,21.9,296,Normal
2026-04-16 23:47:02.428599,101,21.9,300,Normal
2026-04-16 23:48:02.428599,101,21.2,301,Normal
2026-04-16 23:49:02.428599,101,22.4,298,Normal
2026-04-16 23:50:02.428599,101,22.0,304,Normal
2026-04-16 23:51:02.428599,101,21.9,307,Normal
2026-04-16 23:52:02.428599,101,23.6,307,Normal
2026-04-16 23:53:02.428599,101,22.1,290,Normal
2026-04-16 23:54:02.428599,101,21.6,297,Normal
2026-04-16 23:55:02.428599,101,21.8,312,Normal
2026-04-16 23:56:02.428599,101,22.6,309,Normal
2026-04-16 23:57:02.428599,101,22.1,286,Normal
2026-04-16 23:58:02.428599,101,21.3,304,Normal
2026-04-16 23:59:02.428599,101,22.5,280,Normal
2026-04-17 00:00:02.428599,101,21.7,300,Normal
2026-04-17 00:01:02.428599,101,22.9,319,Normal
2026-04-17 00:02:02.428599,101,22.5,291,Normal
2026-04-17 00:03:02.428599,101,21.8,292,Normal
2026-04-17 00:04:02.428599,101,22.6,308,Normal
2026-04-17 00:05:02.428599,101,22.0,285,Normal
2026-04-17 00:06:02.428599,101,22.4,294,Normal
2026-04-17 00:07:02.428599,101,22.2,306,Normal
2026-04-17 00:08:02.428599,101,21.6,294,Normal
2026-04-17 00:09:02.428599,101,21.7,298,Normal
2026-04-17 00:10:02.428599,101,22.5,307,Normal
2026-04-17 00:11:02.428599,101,21.8,304,Normal
2026-04-17 00:12:02.428599,101,21.8,303,Normal
2026-04-17 00:13:02.428599,101,21.5,297,Normal
2026-04-17 00:14:02.428599,101,22.2,304,Normal
2026-04-17 00:15:02.428599,101,23.0,299,Normal
2026-04-17 00:16:02.428599,101,21.5,305,Normal
2026-04-17 00:17:02.428599,101,22.0,295,Normal
2026-04-17 00:18:02.428599,101,22.7,298,Normal
2026-04-17 00:19:02.428599,101,22.0,290,Normal
2026-04-17 00:20:02.428599,101,22.2,300,Normal
2026-04-17 00:21:02.428599,101,21.5,292,Normal
2026-04-17 00:22:02.428599,101,22.2,289,Normal
2026-04-17 00:23:02.428599,101,21.9,303,Normal
2026-04-17 00:24:02.428599,101,22.5,302,Normal
2026-04-17 00:25:02.428599,101,22.6,308,Normal
2026-04-17 00:26:02.428599,101,23.3,296,Normal
2026-04-17 00:27:02.428599,101,22.3,304,Normal
2026-04-17 00:28:02.428599,101,22.2,306,Normal
2026-04-17 00:29:02.428599,101,22.1,304,Normal
2026-04-17 00:30:02.428599,101,21.8,292,Normal
2026-04-17 00:31:02.428599,101,22.2,301,Normal
2026-04-17 00:32:02.428599,101,21.9,304,Normal
2026-04-17 00:33:02.428599,101,22.1,300,Normal
2026-04-17 00:34:02.428599,101,22.7,279,Normal
2026-04-17 00:35:02.428599,101,21.5,302,Normal
2026-04-17 00:36:02.428599,101,22.6,322,Normal
2026-04-17 00:37:02.428599,101,22.7,296,Normal
2026-04-17 00:38:02.428599,101,21.9,293,Normal
2026-04-17 00:39:02.428599,101,20.9,304,Normal
2026-04-17 00:40:02.428599,101,21.7,303,Normal
2026-04-17 00:41:02.428599,101,22.6,312,Normal
2026-04-17 00:42:02.428599,101,22.0,287,Normal
2026-04-17 00:43:02.428599,101,21.5,307,Normal
2026-04-17 00:44:02.428599,101,21.7,306,Normal
2026-04-17 00:45:02.428599,101,22.4,299,Normal
2026-04-17 00:46:02.428599,101,22.3,303,Normal
2026-04-17 00:47:02.428599,101,21.9,310,Normal
2026-04-17 00:48:02.428599,101,21.8,309,Normal
2026-04-17 00:49:02.428599,101,21.8,289,Normal
2026-04-17 00:50:02.428599,101,21.5,308,Normal
2026-04-17 00:51:02.428599,101,22.8,299,Normal
2026-04-17 00:52:02.428599,101,21.8,301,Normal
2026-04-17 00:53:02.428599,101,22.6,301,Normal
2026-04-17 00:54:02.428599,101,22.8,298,Normal
2026-04-17 00:55:02.428599,101,22.5,312,Normal
2026-04-17 00:56:02.428599,101,21.8,299,Normal
2026-04-17 00:57:02.428599,101,22.2,289,Normal
2026-04-17 00:58:02.428599,101,22.0,296,Normal
2026-04-17 00:59:02.428599,101,21.5,302,Normal
2026-04-17 01:00:02.428599,101,22.2,312,Normal
2026-04-17 01:01:02.428599,101,21.4,306,Normal
2026-04-17 01:02:02.428599,101,22.6,291,Normal
2026-04-17 01:03:02.428599,101,21.8,325,Normal
2026-04-17 01:04:02.428599,101,22.1,303,Normal
2026-04-17 01:05:02.428599,101,22.1,313,Normal
2026-04-17 01:06:02.428599,101,21.9,298,Normal
2026-04-17 01:07:02.428599,101,22.3,305,Normal
2026-04-17 01:08:02.428599,101,21.8,308,Normal
2026-04-17 01:09:02.428599,101,22.4,312,Normal
2026-04-17 01:10:02.428599,101,21.3,311,Normal
2026-04-17 01:11:02.428599,101,22.1,309,Normal
2026-04-17 01:12:02.428599,101,23.0,297,Normal
2026-04-17 01:13:02.428599,101,21.5,294,Normal
2026-04-17 01:14:02.428599,101,21.7,303,Normal
2026-04-17 01:15:02.428599,101,22.3,309,Normal
2026-04-17 01:16:02.428599,101,22.1,298,Normal
2026-04-17 01:17:02.428599,101,22.2,311,Normal
2026-04-17 01:18:02.428599,101,22.2,315,Normal
2026-04-17 01:19:02.428599,101,22.3,291,Normal
2026-04-17 01:20:02.428599,101,22.6,292,Normal
2026-04-17 01:21:02.428599,101,22.2,299,Normal
2026-04-17 01:22:02.428599,101,21.9,303,Normal
2026-04-17 01:23:02.428599,101,22.3,295,Normal
2026-04-17 01:24:02.428599,101,22.9,314,Normal
2026-04-17 01:25:02.428599,101,21.9,304,Normal
2026-04-17 01:26:02.428599,101,21.5,300,Normal
2026-04-17 01:27:02.428599,101,22.6,286,Normal
2026-04-17 01:28:02.428599,101,21.9,287,Normal
2026-04-17 01:29:02.428599,101,20.9,303,Normal
2026-04-17 01:30:02.428599,101,22.4,279,Normal
2026-04-17 01:31:02.428599,101,21.7,310,Normal
2026-04-17 01:32:02.428599,101,22.0,298,Normal
2026-04-17 01:33:02.428599,101,22.2,332,Normal
2026-04-17 01:34:02.428599,101,22.1,323,Normal
2026-04-17 01:35:02.428599,101,22.4,298,Normal
2026-04-17 01:36:02.428599,101,21.8,299,Normal
2026-04-17 01:37:02.428599,101,22.3,310,Normal
2026-04-17 01:38:02.428599,101,21.9,317,Normal
2026-04-17 01:39:02.428599,101,22.4,284,Normal
2026-04-17 01:40:02.428599,101,22.3,282,Normal
2026-04-17 01:41:02.428599,101,21.5,294,Normal
2026-04-17 01:42:02.428599,101,22.5,306,Normal
2026-04-17 01:43:02.428599,101,21.7,305,Normal
2026-04-17 01:44:02.428599,101,22.4,311,Normal
2026-04-17 01:45:02.428599,101,22.2,288,Normal
2026-04-17 01:46:02.428599,101,22.9,277,Normal
2026-04-17 01:47:02.428599,101,21.9,309,Normal
2026-04-17 01:48:02.428599,101,21.8,292,Normal
2026-04-17 01:49:02.428599,101,22.0,280,Normal
2026-04-17 01:50:02.428599,101,21.8,301,Normal
2026-04-17 01:51:02.428599,101,22.4,308,Normal
2026-04-17 01:52:02.428599,101,21.2,299,Normal
2026-04-17 01:53:02.428599,101,21.5,295,Normal
2026-04-17 01:54:02.428599,101,21.5,298,Normal
2026-04-17 01:55:02.428599,101,22.5,296,Normal
2026-04-17 01:56:02.428599,101,22.9,287,Normal
2026-04-17 01:57:02.428599,101,21.9,293,Normal
2026-04-17 01:58:02.428599,101,21.9,305,Normal
2026-04-17 01:59:02.428599,101,22.0,303,Normal
2026-04-17 02:00:02.428599,101,22.6,302,Normal
2026-04-17 02:01:02.428599,101,21.5,290,Normal
2026-04-17 02:02:02.428599,101,22.1,298,Normal
2026-04-17 02:03:02.428599,101,22.5,278,Normal
2026-04-17 02:04:02.428599,101,22.3,302,Normal
2026-04-17 02:05:02.428599,101,22.1,314,Normal
2026-04-17 02:06:02.428599,101,22.5,285,Normal
2026-04-17 02:07:02.428599,101,20.6,569,Cigarette
2026-04-17 02:08:02.428599,101,22.3,583,Cigarette
2026-04-17 02:09:02.428599,101,21.7,587,Cigarette
2026-04-17 02:10:02.428599,101,21.1,583,Cigarette
2026-04-17 02:11:02.428599,101,22.3,565,Cigarette
2026-04-17 02:12:02.428599,101,22.7,583,Cigarette
2026-04-17 02:13:02.428599,101,21.9,602,Cigarette
2026-04-17 02:14:02.428599,101,22.5,587,Cigarette
2026-04-17 02:15:02.428599,101,22.8,594,Cigarette
2026-04-17 02:16:02.428599,101,22.7,576,Cigarette
2026-04-17 02:17:02.428599,101,22.8,591,Cigarette
2026-04-17 02:18:02.428599,101,22.4,584,Cigarette
2026-04-17 02:19:02.428599,101,22.0,566,Cigarette
2026-04-17 02:20:02.428599,101,21.2,585,Cigarette
2026-04-17 02:21:02.428599,101,21.9,565,Cigarette
2026-04-17 02:22:02.428599,101,21.6,571,Cigarette
2026-04-17 02:23:02.428599,101,23.1,583,Cigarette
2026-04-17 02:24:02.428599,101,21.9,584,Cigarette
2026-04-17 02:25:02.428599,101,22.1,562,Cigarette
2026-04-17 02:26:02.428599,101,22.3,596,Cigarette
2026-04-17 02:27:02.428599,101,22.0,589,Cigarette
2026-04-17 02:28:02.428599,101,22.8,569,Cigarette
2026-04-17 02:29:02.428599,101,21.7,557,Cigarette
2026-04-17 02:30:02.428599,101,22.1,578,Cigarette
2026-04-17 02:31:02.428599,101,21.6,573,Cigarette
2026-04-17 02:32:02.428599,101,21.3,582,Cigarette
2026-04-17 02:33:02.428599,101,21.7,575,Cigarette
2026-04-17 02:34:02.428599,101,22.0,550,Cigarette
2026-04-17 02:35:02.428599,101,21.8,574,Cigarette
2026-04-17 02:36:02.428599,101,21.7,575,Cigarette
2026-04-17 02:37:02.428599,101,21.3,298,Normal
2026-04-17 02:38:02.428599,101,22.0,297,Normal
2026-04-17 02:39:02.428599,101,21.2,290,Normal
2026-04-17 02:40:02.428599,101,22.4,288,Normal
2026-04-17 02:41:02.428599,101,22.0,305,Normal
2026-04-17 02:42:02.428599,101,21.3,294,Normal
2026-04-17 02:43:02.428599,101,21.8,303,Normal
2026-04-17 02:44:02.428599,101,21.6,291,Normal
2026-04-17 02:45:02.428599,101,22.2,302,Normal
2026-04-17 02:46:02.428599,101,22.7,313,Normal
2026-04-17 02:47:02.428599,101,21.1,306,Normal
2026-04-17 02:48:02.428599,101,22.1,296,Normal
2026-04-17 02:49:02.428599,101,21.9,303,Normal
2026-04-17 02:50:02.428599,101,22.3,298,Normal
2026-04-17 02:51:02.428599,101,22.1,300,Normal
2026-04-17 02:52:02.428599,101,21.6,297,Normal
2026-04-17 02:53:02.428599,101,21.8,298,Normal
2026-04-17 02:54:02.428599,101,21.6,302,Normal
2026-04-17 02:55:02.428599,101,22.5,290,Normal
2026-04-17 02:56:02.428599,101,22.0,290,Normal
2026-04-17 02:57:02.428599,101,23.0,286,Normal
2026-04-17 02:58:02.428599,101,22.0,284,Normal
2026-04-17 02:59:02.428599,101,21.6,288,Normal
2026-04-17 03:00:02.428599,101,21.2,302,Normal
2026-04-17 03:01:02.428599,101,21.1,291,Normal
2026-04-17 03:02:02.428599,101,21.2,305,Normal
2026-04-17 03:03:02.428599,101,22.1,300,Normal
2026-04-17 03:04:02.428599,101,22.3,280,Normal
2026-04-17 03:05:02.428599,101,21.2,307,Normal
2026-04-17 03:06:02.428599,101,22.4,308,Normal
2026-04-17 03:07:02.428599,101,21.8,290,Normal
2026-04-17 03:08:02.428599,101,22.1,304,Normal
2026-04-17 03:09:02.428599,101,22.8,291,Normal
2026-04-17 03:10:02.428599,101,22.4,301,Normal
2026-04-17 03:11:02.428599,101,21.9,287,Normal
2026-04-17 03:12:02.428599,101,21.6,282,Normal
2026-04-17 03:13:02.428599,101,20.9,296,Normal
2026-04-17 03:14:02.428599,101,21.6,299,Normal
2026-04-17 03:15:02.428599,101,21.9,296,Normal
2026-04-17 03:16:02.428599,101,21.5,288,Normal
2026-04-17 03:17:02.428599,101,21.9,296,Normal
2026-04-17 03:18:02.428599,101,22.0,303,Normal
2026-04-17 03:19:02.428599,101,21.9,300,Normal
2026-04-17 03:20:02.428599,101,21.7,302,Normal
2026-04-17 03:21:02.428599,101,22.1,293,Normal
2026-04-17 03:22:02.428599,101,22.2,312,Normal
2026-04-17 03:23:02.428599,101,21.5,288,Normal
2026-04-17 03:24:02.428599,101,22.7,305,Normal
2026-04-17 03:25:02.428599,101,22.0,312,Normal
2026-04-17 03:26:02.428599,101,22.0,305,Normal
2026-04-17 03:27:02.428599,101,22.4,298,Normal
2026-04-17 03:28:02.428599,101,22.1,295,Normal
2026-04-17 03:29:02.428599,101,22.5,310,Normal
2026-04-17 03:30:02.428599,101,22.1,286,Normal
2026-04-17 03:31:02.428599,101,21.7,290,Normal
2026-04-17 03:32:02.428599,101,22.2,296,Normal
2026-04-17 03:33:02.428599,101,21.4,312,Normal
2026-04-17 03:34:02.428599,101,22.1,304,Normal
2026-04-17 03:35:02.428599,101,22.0,290,Normal
2026-04-17 03:36:02.428599,101,21.9,297,Normal
2026-04-17 03:37:02.428599,101,21.9,294,Normal
2026-04-17 03:38:02.428599,101,21.1,293,Normal
2026-04-17 03:39:02.428599,101,21.7,310,Normal
2026-04-17 03:40:02.428599,101,22.0,286,Normal
2026-04-17 03:41:02.428599,101,22.1,316,Normal
2026-04-17 03:42:02.428599,101,21.5,308,Normal
2026-04-17 03:43:02.428599,101,22.6,311,Normal
2026-04-17 03:44:02.428599,101,21.6,295,Normal
2026-04-17 03:45:02.428599,101,22.5,299,Normal
2026-04-17 03:46:02.428599,101,22.2,286,Normal
2026-04-17 03:47:02.428599,101,21.7,295,Normal
2026-04-17 03:48:02.428599,101,22.9,305,Normal
2026-04-17 03:49:02.428599,101,21.4,313,Normal
2026-04-17 03:50:02.428599,101,22.5,289,Normal
2026-04-17 03:51:02.428599,101,22.5,296,Normal
2026-04-17 03:52:02.428599,101,21.7,298,Normal
2026-04-17 03:53:02.428599,101,22.7,286,Normal
2026-04-17 03:54:02.428599,101,21.9,306,Normal
2026-04-17 03:55:02.428599,101,22.1,293,Normal
2026-04-17 03:56:02.428599,101,22.1,298,Normal
2026-04-17 03:57:02.428599,101,21.9,295,Normal
2026-04-17 03:58:02.428599,101,22.4,292,Normal
2026-04-17 03:59:02.428599,101,22.4,300,Normal
2026-04-17 04:00:02.428599,101,21.1,298,Normal
2026-04-17 04:01:02.428599,101,22.7,296,Normal
2026-04-17 04:02:02.428599,101,21.2,293,Normal
2026-04-17 04:03:02.428599,101,22.5,303,Normal
2026-04-17 04:04:02.428599,101,22.6,317,Normal
2026-04-17 04:05:02.428599,101,21.5,301,Normal
2026-04-17 04:06:02.428599,101,21.8,310,Normal
2026-04-17 04:07:02.428599,101,21.4,286,Normal
2026-04-17 04:08:02.428599,101,21.9,302,Normal
2026-04-17 04:09:02.428599,101,21.8,289,Normal
2026-04-17 04:10:02.428599,101,22.4,285,Normal
2026-04-17 04:11:02.428599,101,22.7,293,Normal
2026-04-17 04:12:02.428599,101,22.7,312,Normal
2026-04-17 04:13:02.428599,101,21.7,310,Normal
2026-04-17 04:14:02.428599,101,21.9,302,Normal
2026-04-17 04:15:02.428599,101,21.2,285,Normal
2026-04-17 04:16:02.428599,101,21.6,298,Normal
2026-04-17 04:17:02.428599,101,22.5,303,Normal
2026-04-17 04:18:02.428599,101,22.8,302,Normal
2026-04-17 04:19:02.428599,101,21.4,282,Normal
2026-04-17 04:20:02.428599,101,21.7,291,Normal
2026-04-17 04:21:02.428599,101,22.0,299,Normal
2026-04-17 04:22:02.428599,101,22.1,305,Normal
2026-04-17 04:23:02.428599,101,21.6,278,Normal
2026-04-17 04:24:02.428599,101,22.2,298,Normal
2026-04-17 04:25:02.428599,101,21.8,301,Normal
2026-04-17 04:26:02.428599,101,22.0,308,Normal
2026-04-17 04:27:02.428599,101,22.3,307,Normal
2026-04-17 04:28:02.428599,101,22.0,306,Normal
2026-04-17 04:29:02.428599,101,21.8,292,Normal
2026-04-17 04:30:02.428599,101,21.9,281,Normal
2026-04-17 04:31:02.428599,101,22.0,296,Normal
2026-04-17 04:32:02.428599,101,21.8,310,Normal
2026-04-17 04:33:02.428599,101,21.9,314,Normal
2026-04-17 04:34:02.428599,101,22.8,307,Normal
2026-04-17 04:35:02.428599,101,22.3,304,Normal
2026-04-17 04:36:02.428599,101,21.9,304,Normal
2026-04-17 04:37:02.428599,101,22.3,294,Normal
2026-04-17 04:38:02.428599,101,21.8,299,Normal
2026-04-17 04:39:02.428599,101,22.6,317,Normal
2026-04-17 04:40:02.428599,101,22.2,291,Normal
2026-04-17 04:41:02.428599,101,21.9,316,Normal
2026-04-17 04:42:02.428599,101,22.2,297,Normal
2026-04-17 04:43:02.428599,101,21.2,313,Normal
2026-04-17 04:44:02.428599,101,21.4,286,Normal
2026-04-17 04:45:02.428599,101,21.4,306,Normal
2026-04-17 04:46:02.428599,101,22.1,293,Normal
2026-04-17 04:47:02.428599,101,22.9,286,Normal
2026-04-17 04:48:02.428599,101,23.1,302,Normal
2026-04-17 04:49:02.428599,101,22.3,310,Normal
2026-04-17 04:50:02.428599,101,22.3,292,Normal
2026-04-17 04:51:02.428599,101,21.1,285,Normal
2026-04-17 04:52:02.428599,101,21.7,299,Normal
2026-04-17 04:53:02.428599,101,21.6,299,Normal
2026-04-17 04:54:02.428599,101,21.7,305,Normal
2026-04-17 04:55:02.428599,101,21.9,309,Normal
2026-04-17 04:56:02.428599,101,21.8,299,Normal
2026-04-17 04:57:02.428599,101,21.0,319,Normal
2026-04-17 04:58:02.428599,101,22.4,302,Normal
2026-04-17 04:59:02.428599,101,21.5,297,Normal
2026-04-17 05:00:02.428599,101,22.1,284,Normal
2026-04-17 05:01:02.428599,101,23.0,297,Normal
2026-04-17 05:02:02.428599,101,21.5,297,Normal
2026-04-17 05:03:02.428599,101,20.7,310,Normal
2026-04-17 05:04:02.428599,101,21.9,305,Normal
2026-04-17 05:05:02.428599,101,22.6,288,Normal
2026-04-17 05:06:02.428599,101,23.0,302,Normal
2026-04-17 05:07:02.428599,101,21.4,307,Normal
2026-04-17 05:08:02.428599,101,22.2,315,Normal
2026-04-17 05:09:02.428599,101,21.8,309,Normal
2026-04-17 05:10:02.428599,101,21.9,308,Normal
2026-04-17 05:11:02.428599,101,23.3,301,Normal
2026-04-17 05:12:02.428599,101,21.2,304,Normal
2026-04-17 05:13:02.428599,101,22.1,312,Normal
2026-04-17 05:14:02.428599,101,22.2,287,Normal
2026-04-17 05:15:02.428599,101,22.5,297,Normal
2026-04-17 05:16:02.428599,101,22.0,292,Normal
2026-04-17 05:17:02.428599,101,22.2,304,Normal
2026-04-17 05:18:02.428599,101,21.8,312,Normal
2026-04-17 05:19:02.428599,101,22.1,294,Normal
2026-04-17 05:20:02.428599,101,21.8,276,Normal
2026-04-17 05:21:02.428599,101,22.3,296,Normal
2026-04-17 05:22:02.428599,101,21.8,309,Normal
2026-04-17 05:23:02.428599,101,22.2,305,Normal
2026-04-17 05:24:02.428599,101,22.0,304,Normal
2026-04-17 05:25:02.428599,101,22.6,297,Normal
2026-04-17 05:26:02.428599,101,22.0,287,Normal
2026-04-17 05:27:02.428599,101,21.1,305,Normal
2026-04-17 05:28:02.428599,101,22.6,292,Normal
2026-04-17 05:29:02.428599,101,21.5,322,Normal
2026-04-17 05:30:02.428599,101,21.7,306,Normal
2026-04-17 05:31:02.428599,101,21.7,294,Normal
2026-04-17 05:32:02.428599,101,22.7,294,Normal
2026-04-17 05:33:02.428599,101,20.9,299,Normal
2026-04-17 05:34:02.428599,101,23.6,298,Normal
2026-04-17 05:35:02.428599,101,22.5,311,Normal
2026-04-17 05:36:02.428599,101,22.1,302,Normal
2026-04-17 05:37:02.428599,101,22.0,293,Normal
2026-04-17 05:38:02.428599,101,22.1,319,Normal
2026-04-17 05:39:02.428599,101,22.3,300,Normal
2026-04-17 05:40:02.428599,101,22.3,308,Normal
2026-04-17 05:41:02.428599,101,22.3,294,Normal
2026-04-17 05:42:02.428599,101,22.0,304,Normal
2026-04-17 05:43:02.428599,101,21.9,303,Normal
2026-04-17 05:44:02.428599,101,21.9,281,Normal
2026-04-17 05:45:02.428599,101,21.9,320,Normal
2026-04-17 05:46:02.428599,101,22.6,313,Normal
2026-04-17 05:47:02.428599,101,22.3,296,Normal
2026-04-17 05:48:02.428599,101,20.5,289,Normal
2026-04-17 05:49:02.428599,101,22.3,303,Normal
2026-04-17 05:50:02.428599,101,22.1,301,Normal
2026-04-17 05:51:02.428599,101,22.0,304,Normal
2026-04-17 05:52:02.428599,101,21.8,302,Normal
2026-04-17 05:53:02.428599,101,22.6,305,Normal
2026-04-17 05:54:02.428599,101,22.5,314,Normal
2026-04-17 05:55:02.428599,101,21.6,306,Normal
2026-04-17 05:56:02.428599,101,22.2,290,Normal
2026-04-17 05:57:02.428599,101,21.5,314,Normal
2026-04-17 05:58:02.428599,101,21.3,316,Normal
2026-04-17 05:59:02.428599,101,21.7,332,Normal
2026-04-17 06:00:02.428599,101,22.4,289,Normal
2026-04-17 06:01:02.428599,101,22.5,302,Normal
2026-04-17 06:02:02.428599,101,22.3,279,Normal
2026-04-17 06:03:02.428599,101,22.4,306,Normal
2026-04-17 06:04:02.428599,101,22.3,295,Normal
2026-04-17 06:05:02.428599,101,21.7,319,Normal
2026-04-17 06:06:02.428599,101,22.2,292,Normal
2026-04-17 06:07:02.428599,101,22.4,283,Normal
2026-04-17 06:08:02.428599,101,22.4,295,Normal
2026-04-17 06:09:02.428599,101,22.6,280,Normal
2026-04-17 06:10:02.428599,101,22.4,308,Normal
2026-04-17 06:11:02.428599,101,22.2,279,Normal
2026-04-17 06:12:02.428599,101,22.5,300,Normal
2026-04-17 06:13:02.428599,101,22.0,279,Normal
2026-04-17 06:14:02.428599,101,21.6,297,Normal
2026-04-17 06:15:02.428599,101,21.9,316,Normal
2026-04-17 06:16:02.428599,101,21.6,304,Normal
